#CODE;ENGLISH;FRENCH;GERMAN;;SPANISH;;;;;;;;;x
d_abruzzo;Abruzzo;Abruzzo;Abruzzo;;Abruzzo;;;;;;;;;x
d_abruzzo_adj;Abruzzian;;abruzzer;;;;;;;;;;;x
d_abu_dhabi;Abu Dhabi;Abu Dhabi;Abu Dhabi;;Abu Dhabi;;;;;;;;;x
d_abu_dhabi_adj;Abu Dhabian;;Abu Dhaber;;;;;;;;;;;x
d_adana;Adana;Adana;Adana;;Adana;;;;;;;;;x
d_adana_adj;Adanan;;adaner;;;;;;;;;;;x
d_aden;Aden;Aden;Aden;;Aden;;;;;;;;;x
d_aden_adj;Adenian;;adener;;;;;;;;;;;x
d_ahmedabad;Ahmedabad;Ahmedabad;Ahmedabad;;Ahmedabad;;;;;;;;;x
d_ahmedabad_adj;Ahmedabadian;;ahmedabader;;;;;;;;;;;x
d_al_basra;al-Basra;al-Basra;al-Basra;;al-Basra;;;;;;;;;x
d_al_basra_adj;al-Basran;;al-basrer;;;;;;;;;;;x
d_al_jazaer;al-Jaza’er;al-Jaza’er;al-Jaza’er;;al-Jaza’er;;;;;;;;;x
d_al_jazaer_adj;al-Jaza’erian;;al-jaza’erer;;;;;;;;;;;x
d_al_mawsil;al-Mawsil;al-Mawsil;al-Mawsil;;al-Mawsil;;;;;;;;;x
d_al_mawsil_adj;al-Mawsilian;;al-mawsiler;;;;;;;;;;;x
d_al_rif;Al Rif;Al Rif;Al Rif;;Al Rif;;;;;;;;;x
d_al_rif_adj;Al Rifian;;Al Rifer;;;;;;;;;;;x
d_alentejo;Alentejo;Alentejo;Alentejo;;Alentejo;;;;;;;;;x
d_alentejo_adj;Alentejian;;alentejer;;;;;;;;;;;x
d_aleppo;Aleppo;Aleppo;Aleppo;;Aleppo;;;;;;;;;x
d_aleppo_adj;Aleppian;;alepper;;;;;;;;;;;x
d_alfoeld;Alföld;Alföld;Alföld;;Alföld;;;;;;;;;x
d_alfoeld_adj;Alföldian;;alfölder;;;;;;;;;;;x
d_algarve;Algarve;Algarve;Algarve;;Algarve;;;;;;;;;x
d_algarve_adj;Algarvean;;algarver;;;;;;;;;;;x
d_almaty;Almaty;Almaty;Almaty;;Almaty;;;;;;;;;x
d_almaty_adj;Almatian;;almater;;;;;;;;;;;x
d_alsace_lorraine;Alsace-Lorraine;Alsace-Lorraine;Alsace-Lorraine;;Alsace-Lorraine;;;;;;;;;x
d_alsace_lorraine_adj;Alsace-Lorrainean;;alsace-lorrainer;;;;;;;;;;;x
d_amhara;Amhara;Amhara;Amhara;;Amhara;;;;;;;;;x
d_amhara_adj;Amharan;;amharer;;;;;;;;;;;x
d_amsberg;Amsberg;Amsberg;Amsberg;;Amsberg;;;;;;;;;x
d_amsberg_adj;Amsbergian;;amsberger;;;;;;;;;;;x
d_anatolikes_makedonias;Anatolikes Makedonías;Anatolikes Makedonías;Anatolikes Makedonías;;Anatolikes Makedonías;;;;;;;;;x
d_anatolikes_makedonias_adj;Anatolikes Makedoníasian;;Anatolikes Makedoníaser;;;;;;;;;;;x
d_andalucia_occidental;Andalucía Occidental;Andalucía Occidental;Andalucía Occidental;;Andalucía Occidental;;;;;;;;;x
d_andalucia_occidental_adj;Andalucía Occidentalian;;Andalucía Occidentaler;;;;;;;;;;;x
d_andalucia_oriental;Andalucía Oriental;Andalucía Oriental;Andalucía Oriental;;Andalucía Oriental;;;;;;;;;x
d_andalucia_oriental_adj;Andalucía Orientalian;;Andalucía Orientaler;;;;;;;;;;;x
d_andaman_islands;Andaman Islands;Andaman Islands;Andaman Islands;;Andaman Islands;;;;;;;;;x
d_andaman_islands_adj;Andaman Islandsian;;Andaman Islandser;;;;;;;;;;;x
d_anhalt;Anhalt;Anhalt;Anhalt;;Anhalt;;;;;;;;;x
d_anhalt_adj;Anhaltian;;anhalter;;;;;;;;;;;x
d_ankara;Ankara;Ankara;Ankara;;Ankara;;;;;;;;;x
d_ankara_adj;Ankaran;;ankarer;;;;;;;;;;;x
d_aosta;Aosta;Aosta;Aosta;;Aosta;;;;;;;;;x
d_aosta_adj;Aostan;;aoster;;;;;;;;;;;x
d_apulia;Apulia;Apulia;Apulia;;Apulia;;;;;;;;;x
d_apulia_adj;Apulian;;apuler;;;;;;;;;;;x
d_aquitaine;Aquitaine;Aquitaine;Aquitaine;;Aquitaine;;;;;;;;;x
d_aquitaine_adj;Aquitainean;;aquitainer;;;;;;;;;;;x
d_aragon;Aragón;Aragón;Aragón;;Aragón;;;;;;;;;x
d_aragon_adj;Aragónian;;aragóner;;;;;;;;;;;x
d_ardabil_gilan;Ardabil-Gilan;Ardabil-Gilan;Ardabil-Gilan;;Ardabil-Gilan;;;;;;;;;x
d_ardabil_gilan_adj;Ardabil-Gilanian;;ardabil-gilaner;;;;;;;;;;;x
d_arkhangelsk;Arkhangelsk;Arkhangelsk;Arkhangelsk;;Arkhangelsk;;;;;;;;;x
d_arkhangelsk_adj;Arkhangelskian;;arkhangelsker;;;;;;;;;;;x
d_armenia;Armenia;Armenia;Armenia;;Armenia;;;;;;;;;x
d_armenia_adj;Armenian;;armener;;;;;;;;;;;x
d_assam;Assam;Assam;Assam;;Assam;;;;;;;;;x
d_assam_adj;Assamian;;assamer;;;;;;;;;;;x
d_astana;Astana;Astana;Astana;;Astana;;;;;;;;;x
d_astana_adj;Astanan;;astaner;;;;;;;;;;;x
d_astrakhan;Astrakhan;Astrakhan;Astrakhan;;Astrakhan;;;;;;;;;x
d_astrakhan_adj;Astrakhanian;;astrakhaner;;;;;;;;;;;x
d_asturias;Asturias;Asturias;Asturias;;Asturias;;;;;;;;;x
d_asturias_adj;Asturiasian;;asturiaser;;;;;;;;;;;x
d_attike;Attike;Attike;Attike;;Attike;;;;;;;;;x
d_attike_adj;Attikean;;attiker;;;;;;;;;;;x
d_auvergne;Auvergne;Auvergne;Auvergne;;Auvergne;;;;;;;;;x
d_auvergne_adj;Auvergnean;;auvergner;;;;;;;;;;;x
d_awadh;Awadh;Awadh;Awadh;;Awadh;;;;;;;;;x
d_awadh_adj;Awadhian;;awadher;;;;;;;;;;;x
d_aydin;Aydin;Aydin;Aydin;;Aydin;;;;;;;;;x
d_aydin_adj;Aydinian;;aydiner;;;;;;;;;;;x
d_azerbaijan;Azerbaijan;Azerbaijan;Azerbaijan;;Azerbaijan;;;;;;;;;x
d_azerbaijan_adj;Azerbaijanian;;azerbaijaner;;;;;;;;;;;x
d_baden;Baden;Baden;Baden;;Baden;;;;;;;;;x
d_baden_adj;Badenian;;badener;;;;;;;;;;;x
d_bagdad;Bagdad;Bagdad;Bagdad;;Bagdad;;;;;;;;;x
d_bagdad_adj;Bagdadian;;bagdader;;;;;;;;;;;x
d_bahrain;Bahrain;Bahrain;Bahrain;;Bahrain;;;;;;;;;x
d_bahrain_adj;Bahrainian;;bahrainer;;;;;;;;;;;x
d_banat;Banat;Banat;Banat;;Banat;;;;;;;;;x
d_banat_adj;Banatian;;banater;;;;;;;;;;;x
d_bangladesh;Bangladesh;Bangladesh;Bangladesh;;Bangladesh;;;;;;;;;x
d_bangladesh_adj;Bangladeshian;;bangladesher;;;;;;;;;;;x
d_basarabia;Basarabia;Basarabia;Basarabia;;Basarabia;;;;;;;;;x
d_basarabia_adj;Basarabian;;basaraber;;;;;;;;;;;x
d_basilicata;Basilicata;Basilicata;Basilicata;;Basilicata;;;;;;;;;x
d_basilicata_adj;Basilicatan;;basilicater;;;;;;;;;;;x
d_bayern;Bayern;Bayern;Bayern;;Bayern;;;;;;;;;x
d_bayern_adj;Bayernian;;bayerner;;;;;;;;;;;x
d_beira;Beira;Beira;Beira;;Beira;;;;;;;;;x
d_beira_adj;Beiran;;beirer;;;;;;;;;;;x
d_benin;Benin;Benin;Benin;;Benin;;;;;;;;;x
d_benin_adj;Beninian;;beniner;;;;;;;;;;;x
d_bhutan;Bhutan;Bhutan;Bhutan;;Bhutan;;;;;;;;;x
d_bhutan_adj;Bhutanian;;bhutaner;;;;;;;;;;;x
d_bihar;Bihar;Bihar;Bihar;;Bihar;;;;;;;;;x
d_bihar_adj;Biharian;;biharer;;;;;;;;;;;x
d_bohemia;Bohemia;Bohemia;Bohemia;;Bohemia;;;;;;;;;x
d_bohemia_adj;Bohemian;;bohemer;;;;;;;;;;;x
d_bombay;Bombay;Bombay;Bombay;;Bombay;;;;;;;;;x
d_bombay_adj;Bombaian;;bombaer;;;;;;;;;;;x
d_bornu;Bornu;Bornu;Bornu;;Bornu;;;;;;;;;x
d_bornu_adj;Bornian;;borner;;;;;;;;;;;x
d_bosna;Bosna;Bosna;Bosna;;Bosna;;;;;;;;;x
d_bosna_adj;Bosnan;;bosner;;;;;;;;;;;x
d_bourgogne;Bourgogne;Bourgogne;Bourgogne;;Bourgogne;;;;;;;;;x
d_bourgogne_adj;Bourgognean;;bourgogner;;;;;;;;;;;x
d_braganca;Bragança;Bragança;Bragança;;Bragança;;;;;;;;;x
d_braganca_adj;Bragançan;;bragançer;;;;;;;;;;;x
d_brandenburg;Brandenburg;Brandenburg;Brandenburg;;Brandenburg;;;;;;;;;x
d_brandenburg_adj;Brandenburgian;;brandenburger;;;;;;;;;;;x
d_bratislava;Bratislava;Bratislava;Bratislava;;Bratislava;;;;;;;;;x
d_bratislava_adj;Bratislavan;;bratislaver;;;;;;;;;;;x
d_brest;Brêst;Brêst;Brêst;;Brêst;;;;;;;;;x
d_brest_adj;Brêstian;;brêster;;;;;;;;;;;x
d_brittany;Brittany;Brittany;Brittany;;Brittany;;;;;;;;;x
d_brittany_adj;Brittanian;;brittaner;;;;;;;;;;;x
d_bryansk;Bryansk;Bryansk;Bryansk;;Bryansk;;;;;;;;;x
d_bryansk_adj;Bryanskian;;bryansker;;;;;;;;;;;x
d_budapest;Budapest;Budapest;Budapest;;Budapest;;;;;;;;;x
d_budapest_adj;Budapestian;;budapester;;;;;;;;;;;x
d_bukovina;Bukovina;Bukovina;Bukovina;;Bukovina;;;;;;;;;x
d_bukovina_adj;Bukovinan;;bukoviner;;;;;;;;;;;x
d_bulgaria;Bulgaria;Bulgaria;Bulgaria;;Bulgaria;;;;;;;;;x
d_bulgaria_adj;Bulgarian;;bulgarer;;;;;;;;;;;x
d_bundelkhand;Bundelkhand;Bundelkhand;Bundelkhand;;Bundelkhand;;;;;;;;;x
d_bundelkhand_adj;Bundelkhandian;;bundelkhander;;;;;;;;;;;x
d_burgenland;Burgenland;Burgenland;Burgenland;;Burgenland;;;;;;;;;x
d_burgenland_adj;Burgenlandian;;burgenlander;;;;;;;;;;;x
d_burkina_faso;Burkina Faso;Burkina Faso;Burkina Faso;;Burkina Faso;;;;;;;;;x
d_burkina_faso_adj;Burkina Fasian;;Burkina Faser;;;;;;;;;;;x
d_calabria;Calabria;Calabria;Calabria;;Calabria;;;;;;;;;x
d_calabria_adj;Calabrian;;calabrer;;;;;;;;;;;x
d_calcutta;Calcutta;Calcutta;Calcutta;;Calcutta;;;;;;;;;x
d_calcutta_adj;Calcuttan;;calcutter;;;;;;;;;;;x
d_campania;Campania;Campania;Campania;;Campania;;;;;;;;;x
d_campania_adj;Campanian;;campaner;;;;;;;;;;;x
d_canarias;Canarias;Canarias;Canarias;;Canarias;;;;;;;;;x
d_canarias_adj;Canariasian;;canariaser;;;;;;;;;;;x
d_cantabria;Cantabria;Cantabria;Cantabria;;Cantabria;;;;;;;;;x
d_cantabria_adj;Cantabrian;;cantabrer;;;;;;;;;;;x
d_cape_verde;Cape Verde;Cape Verde;Cape Verde;;Cape Verde;;;;;;;;;x
d_cape_verde_adj;Cape Verdean;;Cape Verder;;;;;;;;;;;x
d_castilla_y_leon;Castilla y León;Castilla y León;Castilla y León;;Castilla y León;;;;;;;;;x
d_castilla_y_leon_adj;Castilla y Leónian;;Castilla y Leóner;;;;;;;;;;;x
d_catalunya;Catalunya;Catalunya;Catalunya;;Catalunya;;;;;;;;;x
d_catalunya_adj;Catalunyan;;cataluner;;;;;;;;;;;x
d_central_india;Central India;Central India;Central India;;Central India;;;;;;;;;x
d_central_india_adj;Central Indian;;Central Inder;;;;;;;;;;;x
d_chad;Chad;Chad;Chad;;Chad;;;;;;;;;x
d_chad_adj;Chadian;;chader;;;;;;;;;;;x
d_champagne;Champagne;Champagne;Champagne;;Champagne;;;;;;;;;x
d_champagne_adj;Champagnean;;champagner;;;;;;;;;;;x
d_cherson;Cherson;Cherson;Cherson;;Cherson;;;;;;;;;x
d_cherson_adj;Chersonian;;chersoner;;;;;;;;;;;x
d_circars;Circars;Circars;Circars;;Circars;;;;;;;;;x
d_circars_adj;Circarsian;;circarser;;;;;;;;;;;x
d_connacht;Connacht;Connacht;Connacht;;Connacht;;;;;;;;;x
d_connacht_adj;Connachtian;;connachter;;;;;;;;;;;x
d_constantine;Constantine;Constantine;Constantine;;Constantine;;;;;;;;;x
d_constantine_adj;Constantinean;;constantiner;;;;;;;;;;;x
d_cornwall;Cornwall;Cornwall;Cornwall;;Cornwall;;;;;;;;;x
d_cornwall_adj;Cornwallian;;cornwaller;;;;;;;;;;;x
d_corsica;Corsica;Corsica;Corsica;;Corsica;;;;;;;;;x
d_corsica_adj;Corsican;;corsicer;;;;;;;;;;;x
d_cote_divoire;Côte d'Ivoire;Côte d'Ivoire;Côte d'Ivoire;;Côte d'Ivoire;;;;;;;;;x
d_cote_divoire_adj;Côte d'Ivoirean;;Côte d'Ivoirer;;;;;;;;;;;x
d_cote_du_vent;Côte du Vent;Côte du Vent;Côte du Vent;;Côte du Vent;;;;;;;;;x
d_cote_du_vent_adj;Côte du Ventian;;Côte du Venter;;;;;;;;;;;x
d_courland;Courland;Courland;Courland;;Courland;;;;;;;;;x
d_courland_adj;Courlandian;;courlander;;;;;;;;;;;x
d_crisana;Crisana;Crisana;Crisana;;Crisana;;;;;;;;;x
d_crisana_adj;Crisanan;;crisaner;;;;;;;;;;;x
d_crna_gora;Crna Gora;Crna Gora;Crna Gora;;Crna Gora;;;;;;;;;x
d_crna_gora_adj;Crna Goran;;Crna Gorer;;;;;;;;;;;x
d_croatia;Croatia;Croatia;Croatia;;Croatia;;;;;;;;;x
d_croatia_adj;Croatian;;croater;;;;;;;;;;;x
d_cyrenaica;Cyrenaica;Cyrenaica;Cyrenaica;;Cyrenaica;;;;;;;;;x
d_cyrenaica_adj;Cyrenaican;;cyrenaicer;;;;;;;;;;;x
d_dakar;Dakar;Dakar;Dakar;;Dakar;;;;;;;;;x
d_dakar_adj;Dakarian;;dakarer;;;;;;;;;;;x
d_dalmatia;Dalmatia;Dalmatia;Dalmatia;;Dalmatia;;;;;;;;;x
d_dalmatia_adj;Dalmatian;;dalmater;;;;;;;;;;;x
d_damascus;Damascus;Damascus;Damascus;;Damascus;;;;;;;;;x
d_damascus_adj;Damascusian;;damascuser;;;;;;;;;;;x
d_darfur;Darfur;Darfur;Darfur;;Darfur;;;;;;;;;x
d_darfur_adj;Darfurian;;darfurer;;;;;;;;;;;x
d_deir_ez_zor;Deir ez-Zor;Deir ez-Zor;Deir ez-Zor;;Deir ez-Zor;;;;;;;;;x
d_deir_ez_zor_adj;Deir ez-Zorian;;Deir ez-Zorer;;;;;;;;;;;x
d_detmold;Detmold;Detmold;Detmold;;Detmold;;;;;;;;;x
d_detmold_adj;Detmoldian;;detmolder;;;;;;;;;;;x
d_diyarbakir;Diyarbakir;Diyarbakir;Diyarbakir;;Diyarbakir;;;;;;;;;x
d_diyarbakir_adj;Diyarbakirian;;diyarbakirer;;;;;;;;;;;x
d_djibuti;Djibuti;Djibuti;Djibuti;;Djibuti;;;;;;;;;x
d_djibuti_adj;Djibutian;;djibuter;;;;;;;;;;;x
d_dobrogea;Dobrogea;Dobrogea;Dobrogea;;Dobrogea;;;;;;;;;x
d_dobrogea_adj;Dobrogean;;dobroger;;;;;;;;;;;x
d_dongola;Dongola;Dongola;Dongola;;Dongola;;;;;;;;;x
d_dongola_adj;Dongolan;;dongoler;;;;;;;;;;;x
d_duesseldorf;Düsseldorf;Düsseldorf;Düsseldorf;;Düsseldorf;;;;;;;;;x
d_duesseldorf_adj;Düsseldorfian;;düsseldorfer;;;;;;;;;;;x
d_dunantul;Dunántúl;Dunántúl;Dunántúl;;Dunántúl;;;;;;;;;x
d_dunantul_adj;Dunántúlian;;dunántúler;;;;;;;;;;;x
d_east_hausaland;East Hausaland;East Hausaland;East Hausaland;;East Hausaland;;;;;;;;;x
d_east_hausaland_adj;East Hausalandian;;East Hausalander;;;;;;;;;;;x
d_eastern_afghanistan;Eastern Afghanistan;Eastern Afghanistan;Eastern Afghanistan;;Eastern Afghanistan;;;;;;;;;x
d_eastern_afghanistan_adj;Eastern Afghanistanian;;Eastern Afghanistaner;;;;;;;;;;;x
d_eastern_counties;Eastern Counties;Eastern Counties;Eastern Counties;;Eastern Counties;;;;;;;;;x
d_eastern_counties_adj;Eastern Countiesian;;Eastern Countieser;;;;;;;;;;;x
d_eastern_mali;Eastern Mali;Eastern Mali;Eastern Mali;;Eastern Mali;;;;;;;;;x
d_eastern_mali_adj;Eastern Malian;;Eastern Maler;;;;;;;;;;;x
d_eastern_transylvania;Eastern Transylvania;Eastern Transylvania;Eastern Transylvania;;Eastern Transylvania;;;;;;;;;x
d_eastern_transylvania_adj;Eastern Transylvanian;;Eastern Transylvaner;;;;;;;;;;;x
d_edo;Edo;Edo;Edo;;Edo;;;;;;;;;x
d_edo_adj;Edian;;eder;;;;;;;;;;;x
d_egyptian_desert;Egyptian Desert;Egyptian Desert;Egyptian Desert;;Egyptian Desert;;;;;;;;;x
d_egyptian_desert_adj;Egyptian Desertian;;Egyptian Deserter;;;;;;;;;;;x
d_ekaterinodar;Ekaterinodar;Ekaterinodar;Ekaterinodar;;Ekaterinodar;;;;;;;;;x
d_ekaterinodar_adj;Ekaterinodarian;;ekaterinodarer;;;;;;;;;;;x
d_epirus;Epirus;Epirus;Epirus;;Epirus;;;;;;;;;x
d_epirus_adj;Epirusian;;epiruser;;;;;;;;;;;x
d_equatorial_guinea;Equatorial Guinea;Equatorial Guinea;Equatorial Guinea;;Equatorial Guinea;;;;;;;;;x
d_equatorial_guinea_adj;Equatorial Guinean;;Equatorial Guiner;;;;;;;;;;;x
d_eritrea;Eritrea;Eritrea;Eritrea;;Eritrea;;;;;;;;;x
d_eritrea_adj;Eritrean;;eritrer;;;;;;;;;;;x
d_estonia;Estonia;Estonia;Estonia;;Estonia;;;;;;;;;x
d_estonia_adj;Estonian;;estoner;;;;;;;;;;;x
d_estremadura;Estremadura;Estremadura;Estremadura;;Estremadura;;;;;;;;;x
d_estremadura_adj;Estremaduran;;estremadurer;;;;;;;;;;;x
d_extremadura;Extremadura;Extremadura;Extremadura;;Extremadura;;;;;;;;;x
d_extremadura_adj;Extremaduran;;extremadurer;;;;;;;;;;;x
d_fars;Fars;Fars;Fars;;Fars;;;;;;;;;x
d_fars_adj;Farsian;;farser;;;;;;;;;;;x
d_felvidek;Felvidék;Felvidék;Felvidék;;Felvidék;;;;;;;;;x
d_felvidek_adj;Felvidékian;;felvidéker;;;;;;;;;;;x
d_fez;Fez;Fez;Fez;;Fez;;;;;;;;;x
d_fez_adj;Fezian;;fezer;;;;;;;;;;;x
d_flanders;Flanders;Flanders;Flanders;;Flanders;;;;;;;;;x
d_flanders_adj;Flandersian;;flanderser;;;;;;;;;;;x
d_foroyar;Føroyar;Føroyar;Føroyar;;Føroyar;;;;;;;;;x
d_foroyar_adj;Føroyarian;;føroyarer;;;;;;;;;;;x
d_franche_comte;Franche-Comté;Franche-Comté;Franche-Comté;;Franche-Comté;;;;;;;;;x
d_franche_comte_adj;Franche-Comtéian;;franche-comtéer;;;;;;;;;;;x
d_franken;Franken;Franken;Franken;;Franken;;;;;;;;;x
d_franken_adj;Frankenian;;frankener;;;;;;;;;;;x
d_friesland;Friesland;Friesland;Friesland;;Friesland;;;;;;;;;x
d_friesland_adj;Frieslandian;;frieslander;;;;;;;;;;;x
d_galich;Galich;Galich;Galich;;Galich;;;;;;;;;x
d_galich_adj;Galichian;;galicher;;;;;;;;;;;x
d_galicia;Galicia;Galicia;Galicia;;Galicia;;;;;;;;;x
d_galicia_adj;Galician;;galicer;;;;;;;;;;;x
d_gambia;Gambia;Gambia;Gambia;;Gambia;;;;;;;;;x
d_gambia_adj;Gambian;;gamber;;;;;;;;;;;x
d_gaza;Gaza;Gaza;Gaza;;Gaza;;;;;;;;;x
d_gaza_adj;Gazan;;gazer;;;;;;;;;;;x
d_ghana;Ghana;Ghana;Ghana;;Ghana;;;;;;;;;x
d_ghana_adj;Ghanan;;ghaner;;;;;;;;;;;x
d_goetaland;Götaland;Götaland;Götaland;;Götaland;;;;;;;;;x
d_goetaland_adj;Götalandian;;götalander;;;;;;;;;;;x
d_gonder_tigray;Gonder-Tigray;Gonder-Tigray;Gonder-Tigray;;Gonder-Tigray;;;;;;;;;x
d_gonder_tigray_adj;Gonder-Tigraian;;gonder-tigraer;;;;;;;;;;;x
d_guinea;Guinea;Guinea;Guinea;;Guinea;;;;;;;;;x
d_guinea_adj;Guinean;;guiner;;;;;;;;;;;x
d_guinea_bissau;Guinea-Bissau;Guinea-Bissau;Guinea-Bissau;;Guinea-Bissau;;;;;;;;;x
d_guinea_bissau_adj;Guinea-Bissian;;guinea-bisser;;;;;;;;;;;x
d_hail;Hail;Hail;Hail;;Hail;;;;;;;;;x
d_hail_adj;Hailian;;hailer;;;;;;;;;;;x
d_hamburg;Hamburg;Hamburg;Hamburg;;Hamburg;;;;;;;;;x
d_hamburg_adj;Hamburgian;;hamburger;;;;;;;;;;;x
d_hannover;Hannover;Hannover;Hannover;;Hannover;;;;;;;;;x
d_hannover_adj;Hannoverian;;hannoverer;;;;;;;;;;;x
d_hausaland;Hausaland;Hausaland;Hausaland;;Hausaland;;;;;;;;;x
d_hausaland_adj;Hausalandian;;hausalander;;;;;;;;;;;x
d_hedjaz;Hedjaz;Hedjaz;Hedjaz;;Hedjaz;;;;;;;;;x
d_hedjaz_adj;Hedjazian;;hedjazer;;;;;;;;;;;x
d_helsinki;Helsinki;Helsinki;Helsinki;;Helsinki;;;;;;;;;x
d_helsinki_adj;Helsinkian;;helsinker;;;;;;;;;;;x
d_hercegovina;Hercegovina;Hercegovina;Hercegovina;;Hercegovina;;;;;;;;;x
d_hercegovina_adj;Hercegovinan;;hercegoviner;;;;;;;;;;;x
d_hessen;Hessen;Hessen;Hessen;;Hessen;;;;;;;;;x
d_hessen_adj;Hessenian;;hessener;;;;;;;;;;;x
d_highlands;Highlands;Highlands;Highlands;;Highlands;;;;;;;;;x
d_highlands_adj;Highlandsian;;highlandser;;;;;;;;;;;x
d_hohenzollern;Hohenzollern;Hohenzollern;Hohenzollern;;Hohenzollern;;;;;;;;;x
d_hohenzollern_adj;Hohenzollernian;;hohenzollerner;;;;;;;;;;;x
d_holland;Holland;Holland;Holland;;Holland;;;;;;;;;x
d_holland_adj;Hollandian;;hollander;;;;;;;;;;;x
d_holstein;Holstein;Holstein;Holstein;;Holstein;;;;;;;;;x
d_holstein_adj;Holsteinian;;holsteiner;;;;;;;;;;;x
d_hormozgan;Hormozgan;Hormozgan;Hormozgan;;Hormozgan;;;;;;;;;x
d_hormozgan_adj;Hormozganian;;hormozganer;;;;;;;;;;;x
d_hudavendigar;Hudavendigar;Hudavendigar;Hudavendigar;;Hudavendigar;;;;;;;;;x
d_hudavendigar_adj;Hudavendigarian;;hudavendigarer;;;;;;;;;;;x
d_hyderabad;Hyderabad;Hyderabad;Hyderabad;;Hyderabad;;;;;;;;;x
d_hyderabad_adj;Hyderabadian;;hyderabader;;;;;;;;;;;x
d_iceland;Iceland;Iceland;Iceland;;Iceland;;;;;;;;;x
d_iceland_adj;Icelandian;;icelander;;;;;;;;;;;x
d_ile_de_france;Île-de-France;Île-de-France;Île-de-France;;Île-de-France;;;;;;;;;x
d_ile_de_france_adj;Île-de-Francean;;île-de-francer;;;;;;;;;;;x
d_imereti;Imereti;Imereti;Imereti;;Imereti;;;;;;;;;x
d_imereti_adj;Imeretian;;imereter;;;;;;;;;;;x
d_ingria;Ingria;Ingria;Ingria;;Ingria;;;;;;;;;x
d_ingria_adj;Ingrian;;ingrer;;;;;;;;;;;x
d_inner_mauritania;Inner Mauritania;Inner Mauritania;Inner Mauritania;;Inner Mauritania;;;;;;;;;x
d_inner_mauritania_adj;Inner Mauritanian;;Inner Mauritaner;;;;;;;;;;;x
d_ionian_islands;Ionian Islands;Ionian Islands;Ionian Islands;;Ionian Islands;;;;;;;;;x
d_ionian_islands_adj;Ionian Islandsian;;Ionian Islandser;;;;;;;;;;;x
d_irakajemi;Irakajemi;Irakajemi;Irakajemi;;Irakajemi;;;;;;;;;x
d_irakajemi_adj;Irakajemian;;irakajemer;;;;;;;;;;;x
d_isfahan;Isfahan;Isfahan;Isfahan;;Isfahan;;;;;;;;;x
d_isfahan_adj;Isfahanian;;isfahaner;;;;;;;;;;;x
d_islas_baleares;Islas Baleares;Islas Baleares;Islas Baleares;;Islas Baleares;;;;;;;;;x
d_islas_baleares_adj;Islas Balearesian;;Islas Baleareser;;;;;;;;;;;x
d_islas_canarias;Islas Canarias;Islas Canarias;Islas Canarias;;Islas Canarias;;;;;;;;;x
d_islas_canarias_adj;Islas Canariasian;;Islas Canariaser;;;;;;;;;;;x
d_israel;Israel;Israel;Israel;;Israel;;;;;;;;;x
d_israel_adj;Israelian;;israeler;;;;;;;;;;;x
d_istria;Istria;Istria;Istria;;Istria;;;;;;;;;x
d_istria_adj;Istrian;;istrer;;;;;;;;;;;x
d_jaipur;Jaipur;Jaipur;Jaipur;;Jaipur;;;;;;;;;x
d_jaipur_adj;Jaipurian;;jaipurer;;;;;;;;;;;x
d_jodhpur;Jodhpur;Jodhpur;Jodhpur;;Jodhpur;;;;;;;;;x
d_jodhpur_adj;Jodhpurian;;jodhpurer;;;;;;;;;;;x
d_jordan;Jordan;Jordan;Jordan;;Jordan;;;;;;;;;x
d_jordan_adj;Jordanian;;jordaner;;;;;;;;;;;x
d_jylland;Jylland;Jylland;Jylland;;Jylland;;;;;;;;;x
d_jylland_adj;Jyllandian;;jyllander;;;;;;;;;;;x
d_kaernten;Kärnten;Kärnten;Kärnten;;Kärnten;;;;;;;;;x
d_kaernten_adj;Kärntenian;;kärntener;;;;;;;;;;;x
d_kalat;Kalat;Kalat;Kalat;;Kalat;;;;;;;;;x
d_kalat_adj;Kalatian;;kalater;;;;;;;;;;;x
d_kaolack;Kaolack;Kaolack;Kaolack;;Kaolack;;;;;;;;;x
d_kaolack_adj;Kaolackian;;kaolacker;;;;;;;;;;;x
d_karelia;Karelia;Karelia;Karelia;;Karelia;;;;;;;;;x
d_karelia_adj;Karelian;;kareler;;;;;;;;;;;x
d_kars;Kars;Kars;Kars;;Kars;;;;;;;;;x
d_kars_adj;Karsian;;karser;;;;;;;;;;;x
d_kartli;Kartli;Kartli;Kartli;;Kartli;;;;;;;;;x
d_kartli_adj;Kartlian;;kartler;;;;;;;;;;;x
d_kashmir;Kashmir;Kashmir;Kashmir;;Kashmir;;;;;;;;;x
d_kashmir_adj;Kashmirian;;kashmirer;;;;;;;;;;;x
d_kastamonu;Kastamonu;Kastamonu;Kastamonu;;Kastamonu;;;;;;;;;x
d_kastamonu_adj;Kastamonian;;kastamoner;;;;;;;;;;;x
d_kenya;Kenya;Kenya;Kenya;;Kenya;;;;;;;;;x
d_kenya_adj;Kenyan;;kener;;;;;;;;;;;x
d_kerman;Kerman;Kerman;Kerman;;Kerman;;;;;;;;;x
d_kerman_adj;Kermanian;;kermaner;;;;;;;;;;;x
d_khorasan;Khorasan;Khorasan;Khorasan;;Khorasan;;;;;;;;;x
d_khorasan_adj;Khorasanian;;khorasaner;;;;;;;;;;;x
d_khuzestan;Khuzestan;Khuzestan;Khuzestan;;Khuzestan;;;;;;;;;x
d_khuzestan_adj;Khuzestanian;;khuzestaner;;;;;;;;;;;x
d_kiev;Kiev;Kiev;Kiev;;Kiev;;;;;;;;;x
d_kiev_adj;Kievian;;kiever;;;;;;;;;;;x
d_koeln;Köln;Köln;Köln;;Köln;;;;;;;;;x
d_koeln_adj;Kölnian;;kölner;;;;;;;;;;;x
d_kola;Kola;Kola;Kola;;Kola;;;;;;;;;x
d_kola_adj;Kolan;;koler;;;;;;;;;;;x
d_konya;Konya;Konya;Konya;;Konya;;;;;;;;;x
d_konya_adj;Konyan;;koner;;;;;;;;;;;x
d_kordofan;Kordofan;Kordofan;Kordofan;;Kordofan;;;;;;;;;x
d_kordofan_adj;Kordofanian;;kordofaner;;;;;;;;;;;x
d_kosice;Košice;Košice;Košice;;Košice;;;;;;;;;x
d_kosice_adj;Košicean;;košicer;;;;;;;;;;;x
d_kosovo;Kosovo;Kosovo;Kosovo;;Kosovo;;;;;;;;;x
d_kosovo_adj;Kosovian;;kosover;;;;;;;;;;;x
d_krakow;Krakow;Krakow;Krakow;;Krakow;;;;;;;;;x
d_krakow_adj;Krakowian;;krakower;;;;;;;;;;;x
d_krim;Krim;Krim;Krim;;Krim;;;;;;;;;x
d_krim_adj;Krimian;;krimer;;;;;;;;;;;x
d_kursk;Kursk;Kursk;Kursk;;Kursk;;;;;;;;;x
d_kursk_adj;Kurskian;;kursker;;;;;;;;;;;x
d_kypros;Kýpros;Kýpros;Kýpros;;Kýpros;;;;;;;;;x
d_kypros_adj;Kýprosian;;kýproser;;;;;;;;;;;x
d_kyrgyzstan;Kyrgyzstan;Kyrgyzstan;Kyrgyzstan;;Kyrgyzstan;;;;;;;;;x
d_kyrgyzstan_adj;Kyrgyzstanian;;kyrgyzstaner;;;;;;;;;;;x
d_la_mancha;La Mancha;La Mancha;La Mancha;;La Mancha;;;;;;;;;x
d_la_mancha_adj;La Manchan;;La Mancher;;;;;;;;;;;x
d_languedoc;Languedoc;Languedoc;Languedoc;;Languedoc;;;;;;;;;x
d_languedoc_adj;Languedocian;;languedocer;;;;;;;;;;;x
d_latvia;Latvia;Latvia;Latvia;;Latvia;;;;;;;;;x
d_latvia_adj;Latvian;;latver;;;;;;;;;;;x
d_lazio;Lazio;Lazio;Lazio;;Lazio;;;;;;;;;x
d_lazio_adj;Lazian;;lazer;;;;;;;;;;;x
d_le_midi;Le Midi;Le Midi;Le Midi;;Le Midi;;;;;;;;;x
d_le_midi_adj;Le Midian;;Le Mider;;;;;;;;;;;x
d_lebanon;Lebanon;Lebanon;Lebanon;;Lebanon;;;;;;;;;x
d_lebanon_adj;Lebanonian;;lebanoner;;;;;;;;;;;x
d_leinster;Leinster;Leinster;Leinster;;Leinster;;;;;;;;;x
d_leinster_adj;Leinsterian;;leinsterer;;;;;;;;;;;x
d_liberia;Liberia;Liberia;Liberia;;Liberia;;;;;;;;;x
d_liberia_adj;Liberian;;liberer;;;;;;;;;;;x
d_libyan_desert;Libyan Desert;Libyan Desert;Libyan Desert;;Libyan Desert;;;;;;;;;x
d_libyan_desert_adj;Libyan Desertian;;Libyan Deserter;;;;;;;;;;;x
d_liguria;Liguria;Liguria;Liguria;;Liguria;;;;;;;;;x
d_liguria_adj;Ligurian;;ligurer;;;;;;;;;;;x
d_limousin;Limousin;Limousin;Limousin;;Limousin;;;;;;;;;x
d_limousin_adj;Limousinian;;limousiner;;;;;;;;;;;x
d_lithuania;Lithuania;Lithuania;Lithuania;;Lithuania;;;;;;;;;x
d_lithuania_adj;Lithuanian;;lithuaner;;;;;;;;;;;x
d_lodz;Lodz;Lodz;Lodz;;Lodz;;;;;;;;;x
d_lodz_adj;Lodzian;;lodzer;;;;;;;;;;;x
d_loire;Loire;Loire;Loire;;Loire;;;;;;;;;x
d_loire_adj;Loirean;;loirer;;;;;;;;;;;x
d_lombardia;Lombardia;Lombardia;Lombardia;;Lombardia;;;;;;;;;x
d_lombardia_adj;Lombardian;;lombarder;;;;;;;;;;;x
d_lower_egypt;Lower Egypt;Lower Egypt;Lower Egypt;;Lower Egypt;;;;;;;;;x
d_lower_egypt_adj;Lower Egyptian;;Lower Egypter;;;;;;;;;;;x
d_lower_yeniseysk;Lower Yeniseysk;Lower Yeniseysk;Lower Yeniseysk;;Lower Yeniseysk;;;;;;;;;x
d_lower_yeniseysk_adj;Lower Yeniseyskian;;Lower Yeniseysker;;;;;;;;;;;x
d_lowlands;Lowlands;Lowlands;Lowlands;;Lowlands;;;;;;;;;x
d_lowlands_adj;Lowlandsian;;lowlandser;;;;;;;;;;;x
d_lublin;Lublin;Lublin;Lublin;;Lublin;;;;;;;;;x
d_lublin_adj;Lublinian;;lubliner;;;;;;;;;;;x
d_luhansk;Luhansk;Luhansk;Luhansk;;Luhansk;;;;;;;;;x
d_luhansk_adj;Luhanskian;;luhansker;;;;;;;;;;;x
d_luristan;Luristan;Luristan;Luristan;;Luristan;;;;;;;;;x
d_luristan_adj;Luristanian;;luristaner;;;;;;;;;;;x
d_luxemburg;Luxemburg;Luxemburg;Luxemburg;;Luxemburg;;;;;;;;;x
d_luxemburg_adj;Luxemburgian;;luxemburger;;;;;;;;;;;x
d_lvov;Lvov;Lvov;Lvov;;Lvov;;;;;;;;;x
d_lvov_adj;Lvovian;;lvover;;;;;;;;;;;x
d_madeira;Madeira;Madeira;Madeira;;Madeira;;;;;;;;;x
d_madeira_adj;Madeiran;;madeirer;;;;;;;;;;;x
d_madras;Madras;Madras;Madras;;Madras;;;;;;;;;x
d_madras_adj;Madrasian;;madraser;;;;;;;;;;;x
d_makedonija;Makedonija;Makedonija;Makedonija;;Makedonija;;;;;;;;;x
d_makedonija_adj;Makedonijan;;makedonijer;;;;;;;;;;;x
d_maldives;Maldives;Maldives;Maldives;;Maldives;;;;;;;;;x
d_maldives_adj;Maldivesian;;maldiveser;;;;;;;;;;;x
d_malta;Malta;Malta;Malta;;Malta;;;;;;;;;x
d_malta_adj;Maltan;;malter;;;;;;;;;;;x
d_matruh;Matruh;Matruh;Matruh;;Matruh;;;;;;;;;x
d_matruh_adj;Matruhian;;matruher;;;;;;;;;;;x
d_mauritania;Mauritania;Mauritania;Mauritania;;Mauritania;;;;;;;;;x
d_mauritania_adj;Mauritanian;;mauritaner;;;;;;;;;;;x
d_mazandaran;Mazandaran;Mazandaran;Mazandaran;;Mazandaran;;;;;;;;;x
d_mazandaran_adj;Mazandaranian;;mazandaraner;;;;;;;;;;;x
d_mazowieckie;Mazowieckie;Mazowieckie;Mazowieckie;;Mazowieckie;;;;;;;;;x
d_mazowieckie_adj;Mazowieckiean;;mazowiecker;;;;;;;;;;;x
d_mecklenburg_vorpommern;Mecklenburg-Vorpommern;Mecklenburg-Vorpommern;Mecklenburg-Vorpommern;;Mecklenburg-Vorpommern;;;;;;;;;x
d_mecklenburg_vorpommern_adj;Mecklenburg-Vorpommernian;;mecklenburg-vorpommerner;;;;;;;;;;;x
d_middle_egypt;Middle Egypt;Middle Egypt;Middle Egypt;;Middle Egypt;;;;;;;;;x
d_middle_egypt_adj;Middle Egyptian;;Middle Egypter;;;;;;;;;;;x
d_midlands;Midlands;Midlands;Midlands;;Midlands;;;;;;;;;x
d_midlands_adj;Midlandsian;;midlandser;;;;;;;;;;;x
d_minsk;Minsk;Minsk;Minsk;;Minsk;;;;;;;;;x
d_minsk_adj;Minskian;;minsker;;;;;;;;;;;x
d_moldova;Moldova;Moldova;Moldova;;Moldova;;;;;;;;;x
d_moldova_adj;Moldovan;;moldover;;;;;;;;;;;x
d_moravia;Moravia;Moravia;Moravia;;Moravia;;;;;;;;;x
d_moravia_adj;Moravian;;moraver;;;;;;;;;;;x
d_morocco;Morocco;Morocco;Morocco;;Morocco;;;;;;;;;x
d_morocco_adj;Moroccian;;moroccer;;;;;;;;;;;x
d_moskva;Moskva;Moskva;Moskva;;Moskva;;;;;;;;;x
d_moskva_adj;Moskvan;;moskver;;;;;;;;;;;x
d_muenster;Münster;Münster;Münster;;Münster;;;;;;;;;x
d_muenster_adj;Münsterian;;münsterer;;;;;;;;;;;x
d_munster;Munster;Munster;Munster;;Munster;;;;;;;;;x
d_munster_adj;Munsterian;;munsterer;;;;;;;;;;;x
d_muntenia;Muntenia;Muntenia;Muntenia;;Muntenia;;;;;;;;;x
d_muntenia_adj;Muntenian;;muntener;;;;;;;;;;;x
d_murcia;Murcia;Murcia;Murcia;;Murcia;;;;;;;;;x
d_murcia_adj;Murcian;;murcer;;;;;;;;;;;x
d_mysore;Mysore;Mysore;Mysore;;Mysore;;;;;;;;;x
d_mysore_adj;Mysorean;;mysorer;;;;;;;;;;;x
d_nagpur;Nagpur;Nagpur;Nagpur;;Nagpur;;;;;;;;;x
d_nagpur_adj;Nagpurian;;nagpurer;;;;;;;;;;;x
d_navarra;Navarra;Navarra;Navarra;;Navarra;;;;;;;;;x
d_navarra_adj;Navarran;;navarrer;;;;;;;;;;;x
d_nejd;Nejd;Nejd;Nejd;;Nejd;;;;;;;;;x
d_nejd_adj;Nejdian;;nejder;;;;;;;;;;;x
d_nenetsia;Nenetsia;Nenetsia;Nenetsia;;Nenetsia;;;;;;;;;x
d_nenetsia_adj;Nenetsian;;nenetser;;;;;;;;;;;x
d_nepal;Nepal;Nepal;Nepal;;Nepal;;;;;;;;;x
d_nepal_adj;Nepalian;;nepaler;;;;;;;;;;;x
d_niederelbe;Niederelbe;Niederelbe;Niederelbe;;Niederelbe;;;;;;;;;x
d_niederelbe_adj;Niederelbean;;niederelber;;;;;;;;;;;x
d_niederoesterreich;Niederösterreich;Niederösterreich;Niederösterreich;;Niederösterreich;;;;;;;;;x
d_niederoesterreich_adj;Niederösterreichian;;niederösterreicher;;;;;;;;;;;x
d_niger;Niger;Niger;Niger;;Niger;;;;;;;;;x
d_niger_adj;Nigerian;;nigerer;;;;;;;;;;;x
d_niger_delta;Niger Delta;Niger Delta;Niger Delta;;Niger Delta;;;;;;;;;x
d_niger_delta_adj;Niger Deltan;;Niger Delter;;;;;;;;;;;x
d_nigeria;Nigeria;Nigeria;Nigeria;;Nigeria;;;;;;;;;x
d_nigeria_adj;Nigerian;;nigerer;;;;;;;;;;;x
d_nisia_aigaiou;Nisiá Aigaíou;Nisiá Aigaíou;Nisiá Aigaíou;;Nisiá Aigaíou;;;;;;;;;x
d_nisia_aigaiou_adj;Nisiá Aigaíian;;Nisiá Aigaíer;;;;;;;;;;;x
d_nizhni_novgorod;Nizhni Novgorod;Nizhni Novgorod;Nizhni Novgorod;;Nizhni Novgorod;;;;;;;;;x
d_nizhni_novgorod_adj;Nizhni Novgorodian;;Nizhni Novgoroder;;;;;;;;;;;x
d_nordnorge;Nordnorge;Nordnorge;Nordnorge;;Nordnorge;;;;;;;;;x
d_nordnorge_adj;Nordnorgean;;nordnorger;;;;;;;;;;;x
d_normandie;Normandie;Normandie;Normandie;;Normandie;;;;;;;;;x
d_normandie_adj;Normandiean;;normander;;;;;;;;;;;x
d_norrland;Norrland;Norrland;Norrland;;Norrland;;;;;;;;;x
d_norrland_adj;Norrlandian;;norrlander;;;;;;;;;;;x
d_north_cameroon;North Cameroon;North Cameroon;North Cameroon;;North Cameroon;;;;;;;;;x
d_north_cameroon_adj;North Cameroonian;;North Camerooner;;;;;;;;;;;x
d_north_caucasia;North Caucasia;North Caucasia;North Caucasia;;North Caucasia;;;;;;;;;x
d_north_caucasia_adj;North Caucasian;;North Caucaser;;;;;;;;;;;x
d_north_east_england;North East England;North East England;North East England;;North East England;;;;;;;;;x
d_north_east_england_adj;North East Englandian;;North East Englander;;;;;;;;;;;x
d_north_west_england;North West England;North West England;North West England;;North West England;;;;;;;;;x
d_north_west_england_adj;North West Englandian;;North West Englander;;;;;;;;;;;x
d_northern_finland;Northern Finland;Northern Finland;Northern Finland;;Northern Finland;;;;;;;;;x
d_northern_finland_adj;Northern Finlandian;;Northern Finlander;;;;;;;;;;;x
d_northern_serbia;Northern Serbia;Northern Serbia;Northern Serbia;;Northern Serbia;;;;;;;;;x
d_northern_serbia_adj;Northern Serbian;;Northern Serber;;;;;;;;;;;x
d_novgorod;Novgorod;Novgorod;Novgorod;;Novgorod;;;;;;;;;x
d_novgorod_adj;Novgorodian;;novgoroder;;;;;;;;;;;x
d_ob;Ob;Ob;Ob;;Ob;;;;;;;;;x
d_ob_adj;Obian;;ober;;;;;;;;;;;x
d_oberoesterreich;Oberösterreich;Oberösterreich;Oberösterreich;;Oberösterreich;;;;;;;;;x
d_oberoesterreich_adj;Oberösterreichian;;oberösterreicher;;;;;;;;;;;x
d_oldenburg;Oldenburg;Oldenburg;Oldenburg;;Oldenburg;;;;;;;;;x
d_oldenburg_adj;Oldenburgian;;oldenburger;;;;;;;;;;;x
d_oltenia;Oltenia;Oltenia;Oltenia;;Oltenia;;;;;;;;;x
d_oltenia_adj;Oltenian;;oltener;;;;;;;;;;;x
d_oman;Oman;Oman;Oman;;Oman;;;;;;;;;x
d_oman_adj;Omanian;;omaner;;;;;;;;;;;x
d_oran;Oran;Oran;Oran;;Oran;;;;;;;;;x
d_oran_adj;Oranian;;oraner;;;;;;;;;;;x
d_orissa;Orissa;Orissa;Orissa;;Orissa;;;;;;;;;x
d_orissa_adj;Orissan;;orisser;;;;;;;;;;;x
d_oromia;Oromia;Oromia;Oromia;;Oromia;;;;;;;;;x
d_oromia_adj;Oromian;;oromer;;;;;;;;;;;x
d_orsha;Orsha;Orsha;Orsha;;Orsha;;;;;;;;;x
d_orsha_adj;Orshan;;orsher;;;;;;;;;;;x
d_ostfriesland;Ostfriesland;Ostfriesland;Ostfriesland;;Ostfriesland;;;;;;;;;x
d_ostfriesland_adj;Ostfrieslandian;;ostfrieslander;;;;;;;;;;;x
d_ostlandet;Ostlandet;Ostlandet;Ostlandet;;Ostlandet;;;;;;;;;x
d_ostlandet_adj;Ostlandetian;;ostlandeter;;;;;;;;;;;x
d_ostpreussen;Ostpreußen;Ostpreußen;Ostpreußen;;Ostpreußen;;;;;;;;;x
d_ostpreussen_adj;Ostpreußenian;;ostpreußener;;;;;;;;;;;x
d_ostschweiz;Ostschweiz;Ostschweiz;Ostschweiz;;Ostschweiz;;;;;;;;;x
d_ostschweiz_adj;Ostschweizian;;ostschweizer;;;;;;;;;;;x
d_outer_hausaland;Outer Hausaland;Outer Hausaland;Outer Hausaland;;Outer Hausaland;;;;;;;;;x
d_outer_hausaland_adj;Outer Hausalandian;;Outer Hausalander;;;;;;;;;;;x
d_panjab;Panjab;Panjab;Panjab;;Panjab;;;;;;;;;x
d_panjab_adj;Panjabian;;panjaber;;;;;;;;;;;x
d_parma;Parma;Parma;Parma;;Parma;;;;;;;;;x
d_parma_adj;Parman;;parmer;;;;;;;;;;;x
d_peloponnesos;Pelopónnesos;Pelopónnesos;Pelopónnesos;;Pelopónnesos;;;;;;;;;x
d_peloponnesos_adj;Pelopónnesosian;;pelopónnesoser;;;;;;;;;;;x
d_perm;Perm;Perm;Perm;;Perm;;;;;;;;;x
d_perm_adj;Permian;;permer;;;;;;;;;;;x
d_picardie;Picardie;Picardie;Picardie;;Picardie;;;;;;;;;x
d_picardie_adj;Picardiean;;picarder;;;;;;;;;;;x
d_piemonte;Piemonte;Piemonte;Piemonte;;Piemonte;;;;;;;;;x
d_piemonte_adj;Piemontean;;piemonter;;;;;;;;;;;x
d_podlaskie;Podlaskie;Podlaskie;Podlaskie;;Podlaskie;;;;;;;;;x
d_podlaskie_adj;Podlaskiean;;podlasker;;;;;;;;;;;x
d_poitou;Poitou;Poitou;Poitou;;Poitou;;;;;;;;;x
d_poitou_adj;Poitian;;poiter;;;;;;;;;;;x
d_pommern;Pommern;Pommern;Pommern;;Pommern;;;;;;;;;x
d_pommern_adj;Pommernian;;pommerner;;;;;;;;;;;x
d_provence;Provence;Provence;Provence;;Provence;;;;;;;;;x
d_provence_adj;Provencean;;provencer;;;;;;;;;;;x
d_punjab;Punjab;Punjab;Punjab;;Punjab;;;;;;;;;x
d_punjab_adj;Punjabian;;punjaber;;;;;;;;;;;x
d_qatar;Qatar;Qatar;Qatar;;Qatar;;;;;;;;;x
d_qatar_adj;Qatarian;;qatarer;;;;;;;;;;;x
d_rajkot;Rajkot;Rajkot;Rajkot;;Rajkot;;;;;;;;;x
d_rajkot_adj;Rajkotian;;rajkoter;;;;;;;;;;;x
d_region_centre;Region Centre;Region Centre;Region Centre;;Region Centre;;;;;;;;;x
d_region_centre_adj;Region Centrean;;Region Centrer;;;;;;;;;;;x
d_rheinland_pfalz;Rheinland-Pfalz;Rheinland-Pfalz;Rheinland-Pfalz;;Rheinland-Pfalz;;;;;;;;;x
d_rheinland_pfalz_adj;Rheinland-Pfalzian;;rheinland-pfalzer;;;;;;;;;;;x
d_rhone;Rhone;Rhone;Rhone;;Rhone;;;;;;;;;x
d_rhone_adj;Rhonean;;rhoner;;;;;;;;;;;x
d_rift_valley;Rift Valley;Rift Valley;Rift Valley;;Rift Valley;;;;;;;;;x
d_rift_valley_adj;Rift Valleian;;Rift Valleer;;;;;;;;;;;x
d_romagna;Romagna;Romagna;Romagna;;Romagna;;;;;;;;;x
d_romagna_adj;Romagnan;;romagner;;;;;;;;;;;x
d_rostov;Rostov;Rostov;Rostov;;Rostov;;;;;;;;;x
d_rostov_adj;Rostovian;;rostover;;;;;;;;;;;x
d_rovne;Rovne;Rovne;Rovne;;Rovne;;;;;;;;;x
d_rovne_adj;Rovnean;;rovner;;;;;;;;;;;x
d_rumelia;Rumelia;Rumelia;Rumelia;;Rumelia;;;;;;;;;x
d_rumelia_adj;Rumelian;;rumeler;;;;;;;;;;;x
d_saarland;Saarland;Saarland;Saarland;;Saarland;;;;;;;;;x
d_saarland_adj;Saarlandian;;saarlander;;;;;;;;;;;x
d_sachsen;Sachsen;Sachsen;Sachsen;;Sachsen;;;;;;;;;x
d_sachsen_adj;Sachsenian;;sachsener;;;;;;;;;;;x
d_saint_louis;Saint-Louis;Saint-Louis;Saint-Louis;;Saint-Louis;;;;;;;;;x
d_saint_louis_adj;Saint-Louisian;;saint-louiser;;;;;;;;;;;x
d_salzburg;Salzburg;Salzburg;Salzburg;;Salzburg;;;;;;;;;x
d_salzburg_adj;Salzburgian;;salzburger;;;;;;;;;;;x
d_samara;Samara;Samara;Samara;;Samara;;;;;;;;;x
d_samara_adj;Samaran;;samarer;;;;;;;;;;;x
d_sana;Sana;Sana;Sana;;Sana;;;;;;;;;x
d_sana_adj;Sanan;;saner;;;;;;;;;;;x
d_sao_tome_e_principe;São Tomé e Príncipe;São Tomé e Príncipe;São Tomé e Príncipe;;São Tomé e Príncipe;;;;;;;;;x
d_sao_tome_e_principe_adj;São Tomé e Príncipean;;São Tomé e Prínciper;;;;;;;;;;;x
d_sardegna;Sardegna;Sardegna;Sardegna;;Sardegna;;;;;;;;;x
d_sardegna_adj;Sardegnan;;sardegner;;;;;;;;;;;x
d_savoie;Savoie;Savoie;Savoie;;Savoie;;;;;;;;;x
d_savoie_adj;Savoiean;;saver;;;;;;;;;;;x
d_scania;Scania;Scania;Scania;;Scania;;;;;;;;;x
d_scania_adj;Scanian;;scaner;;;;;;;;;;;x
d_schleswig;Schleswig;Schleswig;Schleswig;;Schleswig;;;;;;;;;x
d_schleswig_adj;Schleswigian;;schleswiger;;;;;;;;;;;x
d_shymkent;Shymkent;Shymkent;Shymkent;;Shymkent;;;;;;;;;x
d_shymkent_adj;Shymkentian;;shymkenter;;;;;;;;;;;x
d_sicily;Sicily;Sicily;Sicily;;Sicily;;;;;;;;;x
d_sicily_adj;Sicilian;;siciler;;;;;;;;;;;x
d_sierra_leone;Sierra Leone;Sierra Leone;Sierra Leone;;Sierra Leone;;;;;;;;;x
d_sierra_leone_adj;Sierra Leonean;;Sierra Leoner;;;;;;;;;;;x
d_sikkim;Sikkim;Sikkim;Sikkim;;Sikkim;;;;;;;;;x
d_sikkim_adj;Sikkimian;;sikkimer;;;;;;;;;;;x
d_silesia;Silesia;Silesia;Silesia;;Silesia;;;;;;;;;x
d_silesia_adj;Silesian;;sileser;;;;;;;;;;;x
d_sinai;Sinai;Sinai;Sinai;;Sinai;;;;;;;;;x
d_sinai_adj;Sinian;;siner;;;;;;;;;;;x
d_sind;Sind;Sind;Sind;;Sind;;;;;;;;;x
d_sind_adj;Sindian;;sinder;;;;;;;;;;;x
d_sistan;Sistan;Sistan;Sistan;;Sistan;;;;;;;;;x
d_sistan_adj;Sistanian;;sistaner;;;;;;;;;;;x
d_sjaelland;Sjælland;Sjælland;Sjælland;;Sjælland;;;;;;;;;x
d_sjaelland_adj;Sjællandian;;sjællander;;;;;;;;;;;x
d_slavonia;Slavonia;Slavonia;Slavonia;;Slavonia;;;;;;;;;x
d_slavonia_adj;Slavonian;;slavoner;;;;;;;;;;;x
d_slovenija;Slovenija;Slovenija;Slovenija;;Slovenija;;;;;;;;;x
d_slovenija_adj;Slovenijan;;slovenijer;;;;;;;;;;;x
d_smolensk;Smolensk;Smolensk;Smolensk;;Smolensk;;;;;;;;;x
d_smolensk_adj;Smolenskian;;smolensker;;;;;;;;;;;x
d_somalia;Somalia;Somalia;Somalia;;Somalia;;;;;;;;;x
d_somalia_adj;Somalian;;somaler;;;;;;;;;;;x
d_somaliland;Somaliland;Somaliland;Somaliland;;Somaliland;;;;;;;;;x
d_somaliland_adj;Somalilandian;;somalilander;;;;;;;;;;;x
d_south_cameroon;South Cameroon;South Cameroon;South Cameroon;;South Cameroon;;;;;;;;;x
d_south_cameroon_adj;South Cameroonian;;South Camerooner;;;;;;;;;;;x
d_south_east_england;South East England;South East England;South East England;;South East England;;;;;;;;;x
d_south_east_england_adj;South East Englandian;;South East Englander;;;;;;;;;;;x
d_south_west_england;South West England;South West England;South West England;;South West England;;;;;;;;;x
d_south_west_england_adj;South West Englandian;;South West Englander;;;;;;;;;;;x
d_southern_serbia;Southern Serbia;Southern Serbia;Southern Serbia;;Southern Serbia;;;;;;;;;x
d_southern_serbia_adj;Southern Serbian;;Southern Serber;;;;;;;;;;;x
d_sri_lanka;Sri Lanka;Sri Lanka;Sri Lanka;;Sri Lanka;;;;;;;;;x
d_sri_lanka_adj;Sri Lankan;;Sri Lanker;;;;;;;;;;;x
d_steiermark;Steiermark;Steiermark;Steiermark;;Steiermark;;;;;;;;;x
d_steiermark_adj;Steiermarkian;;steiermarker;;;;;;;;;;;x
d_sudan;Sudan;Sudan;Sudan;;Sudan;;;;;;;;;x
d_sudan_adj;Sudanian;;sudaner;;;;;;;;;;;x
d_sudd;Sudd;Sudd;Sudd;;Sudd;;;;;;;;;x
d_sudd_adj;Suddian;;sudder;;;;;;;;;;;x
d_svealand;Svealand;Svealand;Svealand;;Svealand;;;;;;;;;x
d_svealand_adj;Svealandian;;svealander;;;;;;;;;;;x
d_swietokrzyskie;Swietokrzyskie;Swietokrzyskie;Swietokrzyskie;;Swietokrzyskie;;;;;;;;;x
d_swietokrzyskie_adj;Swietokrzyskiean;;swietokrzysker;;;;;;;;;;;x
d_tabriz;Tabriz;Tabriz;Tabriz;;Tabriz;;;;;;;;;x
d_tabriz_adj;Tabrizian;;tabrizer;;;;;;;;;;;x
d_tajikistan;Tajikistan;Tajikistan;Tajikistan;;Tajikistan;;;;;;;;;x
d_tajikistan_adj;Tajikistanian;;tajikistaner;;;;;;;;;;;x
d_tamanrasset;Tamanrasset;Tamanrasset;Tamanrasset;;Tamanrasset;;;;;;;;;x
d_tamanrasset_adj;Tamanrassetian;;tamanrasseter;;;;;;;;;;;x
d_tartaria;Tartaria;Tartaria;Tartaria;;Tartaria;;;;;;;;;x
d_tartaria_adj;Tartarian;;tartarer;;;;;;;;;;;x
d_tatarstan;Tatarstan;Tatarstan;Tatarstan;;Tatarstan;;;;;;;;;x
d_tatarstan_adj;Tatarstanian;;tatarstaner;;;;;;;;;;;x
d_taza;Taza;Taza;Taza;;Taza;;;;;;;;;x
d_taza_adj;Tazan;;tazer;;;;;;;;;;;x
d_teschen;Teschen;Teschen;Teschen;;Teschen;;;;;;;;;x
d_teschen_adj;Teschenian;;teschener;;;;;;;;;;;x
d_thessaly;Thessaly;Thessaly;Thessaly;;Thessaly;;;;;;;;;x
d_thessaly_adj;Thessalian;;thessaler;;;;;;;;;;;x
d_thrace;Thrace;Thrace;Thrace;;Thrace;;;;;;;;;x
d_thrace_adj;Thracean;;thracer;;;;;;;;;;;x
d_thueringen;Thüringen;Thüringen;Thüringen;;Thüringen;;;;;;;;;x
d_thueringen_adj;Thüringenian;;thüringener;;;;;;;;;;;x
d_timbuktu;Timbuktu;Timbuktu;Timbuktu;;Timbuktu;;;;;;;;;x
d_timbuktu_adj;Timbuktian;;timbukter;;;;;;;;;;;x
d_timimoun;Timimoun;Timimoun;Timimoun;;Timimoun;;;;;;;;;x
d_timimoun_adj;Timimounian;;timimouner;;;;;;;;;;;x
d_tindouf;Tindouf;Tindouf;Tindouf;;Tindouf;;;;;;;;;x
d_tindouf_adj;Tindoufian;;tindoufer;;;;;;;;;;;x
d_tirana;Tirana;Tirana;Tirana;;Tirana;;;;;;;;;x
d_tirana_adj;Tiranan;;tiraner;;;;;;;;;;;x
d_tirol;Tirol;Tirol;Tirol;;Tirol;;;;;;;;;x
d_tirol_adj;Tirolian;;tiroler;;;;;;;;;;;x
d_tobolsk;Tobolsk;Tobolsk;Tobolsk;;Tobolsk;;;;;;;;;x
d_tobolsk_adj;Tobolskian;;tobolsker;;;;;;;;;;;x
d_togo;Togo;Togo;Togo;;Togo;;;;;;;;;x
d_togo_adj;Togian;;toger;;;;;;;;;;;x
d_tomsk;Tomsk;Tomsk;Tomsk;;Tomsk;;;;;;;;;x
d_tomsk_adj;Tomskian;;tomsker;;;;;;;;;;;x
d_toscana;Toscana;Toscana;Toscana;;Toscana;;;;;;;;;x
d_toscana_adj;Toscanan;;toscaner;;;;;;;;;;;x
d_touggourt;Touggourt;Touggourt;Touggourt;;Touggourt;;;;;;;;;x
d_touggourt_adj;Touggourtian;;touggourter;;;;;;;;;;;x
d_trabzon;Trabzon;Trabzon;Trabzon;;Trabzon;;;;;;;;;x
d_trabzon_adj;Trabzonian;;trabzoner;;;;;;;;;;;x
d_travancore;Travancore;Travancore;Travancore;;Travancore;;;;;;;;;x
d_travancore_adj;Travancorean;;travancorer;;;;;;;;;;;x
d_tripoli;Tripoli;Tripoli;Tripoli;;Tripoli;;;;;;;;;x
d_tripoli_adj;Tripolian;;tripoler;;;;;;;;;;;x
d_tunis;Tunis;Tunis;Tunis;;Tunis;;;;;;;;;x
d_tunis_adj;Tunisian;;tuniser;;;;;;;;;;;x
d_turkmenistan;Turkmenistan;Turkmenistan;Turkmenistan;;Turkmenistan;;;;;;;;;x
d_turkmenistan_adj;Turkmenistanian;;turkmenistaner;;;;;;;;;;;x
d_turku;Turku;Turku;Turku;;Turku;;;;;;;;;x
d_turku_adj;Turkian;;turker;;;;;;;;;;;x
d_tver;Tver;Tver;Tver;;Tver;;;;;;;;;x
d_tver_adj;Tverian;;tverer;;;;;;;;;;;x
d_ubangi_shari;Ubangi-Shari;Ubangi-Shari;Ubangi-Shari;;Ubangi-Shari;;;;;;;;;x
d_ubangi_shari_adj;Ubangi-Sharian;;ubangi-sharer;;;;;;;;;;;x
d_uganda;Uganda;Uganda;Uganda;;Uganda;;;;;;;;;x
d_uganda_adj;Ugandan;;ugander;;;;;;;;;;;x
d_ulster;Ulster;Ulster;Ulster;;Ulster;;;;;;;;;x
d_ulster_adj;Ulsterian;;ulsterer;;;;;;;;;;;x
d_united_provinces;United Provinces;United Provinces;United Provinces;;United Provinces;;;;;;;;;x
d_united_provinces_adj;United Provincesian;;United Provinceser;;;;;;;;;;;x
d_upper_egypt;Upper Egypt;Upper Egypt;Upper Egypt;;Upper Egypt;;;;;;;;;x
d_upper_egypt_adj;Upper Egyptian;;Upper Egypter;;;;;;;;;;;x
d_upper_yeniseysk;Upper Yeniseysk;Upper Yeniseysk;Upper Yeniseysk;;Upper Yeniseysk;;;;;;;;;x
d_upper_yeniseysk_adj;Upper Yeniseyskian;;Upper Yeniseysker;;;;;;;;;;;x
d_ural;Ural;Ural;Ural;;Ural;;;;;;;;;x
d_ural_adj;Uralian;;uraler;;;;;;;;;;;x
d_uralsk;Uralsk;Uralsk;Uralsk;;Uralsk;;;;;;;;;x
d_uralsk_adj;Uralskian;;uralsker;;;;;;;;;;;x
d_uzbekistan;Uzbekistan;Uzbekistan;Uzbekistan;;Uzbekistan;;;;;;;;;x
d_uzbekistan_adj;Uzbekistanian;;uzbekistaner;;;;;;;;;;;x
d_valencia;Valencia;Valencia;Valencia;;Valencia;;;;;;;;;x
d_valencia_adj;Valencian;;valencer;;;;;;;;;;;x
d_van;Van;Van;Van;;Van;;;;;;;;;x
d_van_adj;Vanian;;vaner;;;;;;;;;;;x
d_venezia;Venezia;Venezia;Venezia;;Venezia;;;;;;;;;x
d_venezia_adj;Venezian;;venezer;;;;;;;;;;;x
d_vestlandet;Vestlandet;Vestlandet;Vestlandet;;Vestlandet;;;;;;;;;x
d_vestlandet_adj;Vestlandetian;;vestlandeter;;;;;;;;;;;x
d_vlora;Vlora;Vlora;Vlora;;Vlora;;;;;;;;;x
d_vlora_adj;Vloran;;vlorer;;;;;;;;;;;x
d_vojvodina;Vojvodina;Vojvodina;Vojvodina;;Vojvodina;;;;;;;;;x
d_vojvodina_adj;Vojvodinan;;vojvodiner;;;;;;;;;;;x
d_vorarlberg;Vorarlberg;Vorarlberg;Vorarlberg;;Vorarlberg;;;;;;;;;x
d_vorarlberg_adj;Vorarlbergian;;vorarlberger;;;;;;;;;;;x
d_waddai;Waddai;Waddai;Waddai;;Waddai;;;;;;;;;x
d_waddai_adj;Waddian;;wadder;;;;;;;;;;;x
d_wales;Wales;Wales;Wales;;Wales;;;;;;;;;x
d_wales_adj;Walesian;;waleser;;;;;;;;;;;x
d_wallonie;Wallonie;Wallonie;Wallonie;;Wallonie;;;;;;;;;x
d_wallonie_adj;Walloniean;;walloner;;;;;;;;;;;x
d_west_bank;West Bank;West Bank;West Bank;;West Bank;;;;;;;;;x
d_west_bank_adj;West Bankian;;West Banker;;;;;;;;;;;x
d_west_macedonia;West Macedonia;West Macedonia;West Macedonia;;West Macedonia;;;;;;;;;x
d_west_macedonia_adj;West Macedonian;;West Macedoner;;;;;;;;;;;x
d_west_morocco;West Morocco;West Morocco;West Morocco;;West Morocco;;;;;;;;;x
d_west_morocco_adj;West Moroccian;;West Moroccer;;;;;;;;;;;x
d_western_afghanistan;Western Afghanistan;Western Afghanistan;Western Afghanistan;;Western Afghanistan;;;;;;;;;x
d_western_afghanistan_adj;Western Afghanistanian;;Western Afghanistaner;;;;;;;;;;;x
d_western_mali;Western Mali;Western Mali;Western Mali;;Western Mali;;;;;;;;;x
d_western_mali_adj;Western Malian;;Western Maler;;;;;;;;;;;x
d_western_sahara;Western Sahara;Western Sahara;Western Sahara;;Western Sahara;;;;;;;;;x
d_western_sahara_adj;Western Saharan;;Western Saharer;;;;;;;;;;;x
d_western_transylvania;Western Transylvania;Western Transylvania;Western Transylvania;;Western Transylvania;;;;;;;;;x
d_western_transylvania_adj;Western Transylvanian;;Western Transylvaner;;;;;;;;;;;x
d_westpreussen;Westpreussen;Westpreussen;Westpreussen;;Westpreussen;;;;;;;;;x
d_westpreussen_adj;Westpreussenian;;westpreussener;;;;;;;;;;;x
d_westschweiz;Westschweiz;Westschweiz;Westschweiz;;Westschweiz;;;;;;;;;x
d_westschweiz_adj;Westschweizian;;westschweizer;;;;;;;;;;;x
d_wielkopolskie;Wielkopolskie;Wielkopolskie;Wielkopolskie;;Wielkopolskie;;;;;;;;;x
d_wielkopolskie_adj;Wielkopolskiean;;wielkopolsker;;;;;;;;;;;x
d_wuerttemberg;Württemberg;Württemberg;Württemberg;;Württemberg;;;;;;;;;x
d_wuerttemberg_adj;Württembergian;;württemberger;;;;;;;;;;;x
d_yoruba_states;Yoruba States;Yoruba States;Yoruba States;;Yoruba States;;;;;;;;;x
d_yoruba_states_adj;Yoruba Statesian;;Yoruba Stateser;;;;;;;;;;;x
d_zeeland;Zeeland;Zeeland;Zeeland;;Zeeland;;;;;;;;;x
d_zeeland_adj;Zeelandian;;zeelander;;;;;;;;;;;x
d_ziguinchor;Ziguinchor;Ziguinchor;Ziguinchor;;Ziguinchor;;;;;;;;;x
d_ziguinchor_adj;Ziguinchorian;;ziguinchorer;;;;;;;;;;;x
