PROV1;al-Jaza’er;al-Jaza’er;al-Jaza’er;;;;;;;;;x
PROV2;Mostaganem;Mostaganem;Mostaganem;;;;;;;;;x
PROV3;Medea;Medea;Medea;;;;;;;;;x
PROV4;Setif;Setif;Setif;;;;;;;;;x
PROV5;Wahran;Wahran;Wahran;;;;;;;;;x
PROV6;Tilimsan;Tilimsan;Tilimsan;;;;;;;;;x
PROV7;Mascara;Mascara;Mascara;;;;;;;;;x
PROV8;Naama;Naama;Naama;;;;;;;;;x
PROV9;Constantine;Constantine;Constantine;;;;;;;;;x
PROV10;Biskra;Biskra;Biskra;;;;;;;;;x
PROV11;Annabah;Annabah;Annabah;;;;;;;;;x
PROV12;Béjaïa;Béjaïa;Béjaïa;;;;;;;;;x
PROV13;Touggourt;Touggourt;Touggourt;;;;;;;;;x
PROV14;Ouargla;Ouargla;Ouargla;;;;;;;;;x
PROV15;Laghwat;Laghwat;Laghwat;;;;;;;;;x
PROV16;Tindouf;Tindouf;Tindouf;;;;;;;;;x
PROV17;Bechar;Bechar;Bechar;;;;;;;;;x
PROV18;Chenachène;Chenachène;Chenachène;;;;;;;;;x
PROV19;Timimoun;Timimoun;Timimoun;;;;;;;;;x
PROV20;In Salah;In Salah;In Salah;;;;;;;;;x
PROV21;Ilizi;Ilizi;Ilizi;;;;;;;;;x
PROV22;Tamanrasset;Tamanrasset;Tamanrasset;;;;;;;;;x
PROV23;In Guezzam;In Guezzam;In Guezzam;;;;;;;;;x
PROV24;Tin Zawatene;Tin Zawatene;Tin Zawatene;;;;;;;;;x
PROV25;Wien;Wien;Wien;;;;;;;;;x
PROV26;Sankt Pölten;Sankt Pölten;Sankt Pölten;;;;;;;;;x
PROV27;Krems;Krems;Krems;;;;;;;;;x
PROV28;Salzburg;Salzburg;Salzburg;;;;;;;;;x
PROV29;Vorarlberg;Vorarlberg;Vorarlberg;;;;;;;;;x
PROV30;Graz;Graz;Graz;;;;;;;;;x
PROV31;Judenburg;Judenburg;Judenburg;;;;;;;;;x
PROV32;Kärnten;Kärnten;Kärnten;;;;;;;;;x
PROV33;Linz;Linz;Linz;;;;;;;;;x
PROV34;Wels;Wels;Wels;;;;;;;;;x
PROV35;Burgenland;Burgenland;Burgenland;;;;;;;;;x
PROV36;Innsbruck;Innsbruck;Innsbruck;;;;;;;;;x
PROV37;Osttirol;Osttirol;Osttirol;;;;;;;;;x
PROV38;Trento;Trento;Trento;;;;;;;;;x
PROV39;Südtirol;Südtirol;Südtirol;;;;;;;;;x
PROV40;Budapest;Budapest;Budapest;;;;;;;;;x
PROV41;Miskolc;Miskolc;Miskolc;;;;;;;;;x
PROV42;Kecskemét;Kecskemét;Kecskemét;;;;;;;;;x
PROV43;Debrecen;Debrecen;Debrecen;;;;;;;;;x
PROV44;Szeged;Szeged;Szeged;;;;;;;;;x
PROV45;Bekescsaba;Bekescsaba;Bekescsaba;;;;;;;;;x
PROV46;Székesfehérvár;Székesfehérvár;Székesfehérvár;;;;;;;;;x
PROV47;Sopron;Sopron;Sopron;;;;;;;;;x
PROV48;Zalaegerszeg;Zalaegerszeg;Zalaegerszeg;;;;;;;;;x
PROV49;Pecs;Pecs;Pecs;;;;;;;;;x
PROV50;Györ;Györ;Györ;;;;;;;;;x
PROV51;Kaposvár;Kaposvár;Kaposvár;;;;;;;;;x
PROV52;Tallinn;Tallinn;Tallinn;;;;;;;;;x
PROV53;Narva;Narva;Narva;;;;;;;;;x
PROV54;Pärnu;Pärnu;Pärnu;;;;;;;;;x
PROV55;Dorpat;Dorpat;Dorpat;;;;;;;;;x
PROV56;Ösel;Ösel;Ösel;;;;;;;;;x
PROV57;Riga;Riga;Riga;;;;;;;;;x
PROV58;Valmiera;Valmiera;Valmiera;;;;;;;;;x
PROV59;Daugavpils;Daugavpils;Daugavpils;;;;;;;;;x
PROV60;Jelgava;Jelgava;Jelgava;;;;;;;;;x
PROV61;Ventspils;Ventspils;Ventspils;;;;;;;;;x
PROV62;Liepaja;Liepaja;Liepaja;;;;;;;;;x
PROV63;London;London;London;;;;;;;;;x
PROV64;Oxford;Oxford;Oxford;;;;;;;;;x
PROV65;Canterbury;Canterbury;Canterbury;;;;;;;;;x
PROV66;Brighton;Brighton;Brighton;;;;;;;;;x
PROV67;Southampton;Southampton;Southampton;;;;;;;;;x
PROV68;Liverpool;Liverpool;Liverpool;;;;;;;;;x
PROV69;Manchester;Manchester;Manchester;;;;;;;;;x
PROV70;Carlisle;Carlisle;Carlisle;;;;;;;;;x
PROV71;Chester;Chester;Chester;;;;;;;;;x
PROV72;Isle of Man;Isle of Man;Isle of Man;;;;;;;;;x
PROV73;Newcastle-upon-Tyne;Newcastle-upon-Tyne;Newcastle-upon-Tyne;;;;;;;;;x
PROV74;Hull;Hull;Hull;;;;;;;;;x
PROV75;Leeds;Leeds;Leeds;;;;;;;;;x
PROV76;Sheffield;Sheffield;Sheffield;;;;;;;;;x
PROV77;Birmingham;Birmingham;Birmingham;;;;;;;;;x
PROV78;Shrewsbury;Shrewsbury;Shrewsbury;;;;;;;;;x
PROV79;Coventry;Coventry;Coventry;;;;;;;;;x
PROV80;Nottingham;Nottingham;Nottingham;;;;;;;;;x
PROV81;Leicester;Leicester;Leicester;;;;;;;;;x
PROV82;Lincoln;Lincoln;Lincoln;;;;;;;;;x
PROV83;Cambridge;Cambridge;Cambridge;;;;;;;;;x
PROV84;Ipswich;Ipswich;Ipswich;;;;;;;;;x
PROV85;Chelmsford;Chelmsford;Chelmsford;;;;;;;;;x
PROV86;St Albans;St Albans;St Albans;;;;;;;;;x
PROV87;Bristol;Bristol;Bristol;;;;;;;;;x
PROV88;Salisbury;Salisbury;Salisbury;;;;;;;;;x
PROV89;Bath;Bath;Bath;;;;;;;;;x
PROV90;Channel Islands;Channel Islands;Channel Islands;;;;;;;;;x
PROV91;Cornwall;Cornwall;Cornwall;;;;;;;;;x
PROV92;Dublin;Dublin;Dublin;;;;;;;;;x
PROV93;Kildare;Kildare;Kildare;;;;;;;;;x
PROV94;Wexford;Wexford;Wexford;;;;;;;;;x
PROV95;Galway;Galway;Galway;;;;;;;;;x
PROV96;Sligo;Sligo;Sligo;;;;;;;;;x
PROV97;Donegal;Donegal;Donegal;;;;;;;;;x
PROV98;Cork;Cork;Cork;;;;;;;;;x
PROV99;Limerick;Limerick;Limerick;;;;;;;;;x
PROV100;Waterford;Waterford;Waterford;;;;;;;;;x
PROV101;Belfast;Belfast;Belfast;;;;;;;;;x
PROV102;Londonderry;Londonderry;Londonderry;;;;;;;;;x
PROV103;Armagh;Armagh;Armagh;;;;;;;;;x
PROV104;Edinburgh;Edinburgh;Edinburgh;;;;;;;;;x
PROV105;Glasgow;Glasgow;Glasgow;;;;;;;;;x
PROV106;Dumfries;Dumfries;Dumfries;;;;;;;;;x
PROV107;Aberdeen;Aberdeen;Aberdeen;;;;;;;;;x
PROV108;Inverness;Inverness;Inverness;;;;;;;;;x
PROV109;Dundee;Dundee;Dundee;;;;;;;;;x
PROV110;Stirling;Stirling;Stirling;;;;;;;;;x
PROV111;Cardiff;Cardiff;Cardiff;;;;;;;;;x
PROV112;Cardigan;Cardigan;Cardigan;;;;;;;;;x
PROV113;Llandrindod;Llandrindod;Llandrindod;;;;;;;;;x
PROV114;Holyhead;Holyhead;Holyhead;;;;;;;;;x
PROV115;Praha;Praha;Praha;;;;;;;;;x
PROV116;Hradec Králové;Hradec Králové;Hradec Králové;;;;;;;;;x
PROV117;Karlovy Vary;Karlovy Vary;Karlovy Vary;;;;;;;;;x
PROV118;Ústí nad Labem;Ústí nad Labem;Ústí nad Labem;;;;;;;;;x
PROV119;Plzen;Plzen;Plzen;;;;;;;;;x
PROV120;Ceské Budejovice;Ceské Budejovice;Ceské Budejovice;;;;;;;;;x
PROV121;Brno;Brno;Brno;;;;;;;;;x
PROV122;Olomouc;Olomouc;Olomouc;;;;;;;;;x
PROV123;Opava;Opava;Opava;;;;;;;;;x
PROV124;Tešín;Tešín;Tešín;;;;;;;;;x
PROV125;Bratislava;Bratislava;Bratislava;;;;;;;;;x
PROV126;Trencín;Trencín;Trencín;;;;;;;;;x
PROV127;Nitra;Nitra;Nitra;;;;;;;;;x
PROV128;Banská Bystrica;Banská Bystrica;Banská Bystrica;;;;;;;;;x
PROV129;Košice;Košice;Košice;;;;;;;;;x
PROV130;Felvidék;Felvidék;Felvidék;;;;;;;;;x
PROV131;Uzhhorod;Uzhhorod;Uzhhorod;;;;;;;;;x
PROV132;Ankober;Ankober;Ankober;;;;;;;;;x
PROV133;Bale;Bale;Bale;;;;;;;;;x
PROV134;Aselia;Aselia;Aselia;;;;;;;;;x
PROV135;Ogaden;Ogaden;Ogaden;;;;;;;;;x
PROV136;Harer;Harer;Harer;;;;;;;;;x
PROV137;Awasa;Awasa;Awasa;;;;;;;;;x
PROV138;Bonga;Bonga;Bonga;;;;;;;;;x
PROV139;Asosa;Asosa;Asosa;;;;;;;;;x
PROV140;Sidamo;Sidamo;Sidamo;;;;;;;;;x
PROV141;Gonder;Gonder;Gonder;;;;;;;;;x
PROV142;Debre Tabor;Debre Tabor;Debre Tabor;;;;;;;;;x
PROV143;Matamma;Matamma;Matamma;;;;;;;;;x
PROV144;Debre Markos;Debre Markos;Debre Markos;;;;;;;;;x
PROV145;Aksum;Aksum;Aksum;;;;;;;;;x
PROV146;Antalo;Antalo;Antalo;;;;;;;;;x
PROV147;Awsa;Awsa;Awsa;;;;;;;;;x
PROV148;Asmara;Asmara;Asmara;;;;;;;;;x
PROV149;Massawa;Massawa;Massawa;;;;;;;;;x
PROV150;Akordat;Akordat;Akordat;;;;;;;;;x
PROV151;Assab;Assab;Assab;;;;;;;;;x
PROV152;Djibuti;Djibuti;Djibuti;;;;;;;;;x
PROV153;Paris;Paris;Paris;;;;;;;;;x
PROV154;Chartres;Chartres;Chartres;;;;;;;;;x
PROV155;Melun;Melun;Melun;;;;;;;;;x
PROV156;Laon;Laon;Laon;;;;;;;;;x
PROV157;Cambrai;Cambrai;Cambrai;;;;;;;;;x
PROV158;Troyes;Troyes;Troyes;;;;;;;;;x
PROV159;Chalons;Chalons;Chalons;;;;;;;;;x
PROV160;Charleville;Charleville;Charleville;;;;;;;;;x
PROV161;Corsica;Corsica;Corsica;;;;;;;;;x
PROV162;Nancy;Nancy;Nancy;;;;;;;;;x
PROV163;Verdun;Verdun;Verdun;;;;;;;;;x
PROV164;Chaumont;Chaumont;Chaumont;;;;;;;;;x
PROV165;Épinal;Épinal;Épinal;;;;;;;;;x
PROV166;Besançon;Besançon;Besançon;;;;;;;;;x
PROV167;Laval;Laval;Laval;;;;;;;;;x
PROV168;Angers;Angers;Angers;;;;;;;;;x
PROV169;La Roche;La Roche;La Roche;;;;;;;;;x
PROV170;Caen;Caen;Caen;;;;;;;;;x
PROV171;Rouen;Rouen;Rouen;;;;;;;;;x
PROV172;Évreux;Évreux;Évreux;;;;;;;;;x
PROV173;Alençon;Alençon;Alençon;;;;;;;;;x
PROV174;Lille;Lille;Lille;;;;;;;;;x
PROV175;Dunkirk;Dunkirk;Dunkirk;;;;;;;;;x
PROV176;Arras;Arras;Arras;;;;;;;;;x
PROV177;Amiens;Amiens;Amiens;;;;;;;;;x
PROV178;Beauvais;Beauvais;Beauvais;;;;;;;;;x
PROV179;Blois;Blois;Blois;;;;;;;;;x
PROV180;Bourges;Bourges;Bourges;;;;;;;;;x
PROV181;Orleans;Orleans;Orleans;;;;;;;;;x
PROV182;Tours;Tours;Tours;;;;;;;;;x
PROV183;Le Mans;Le Mans;Le Mans;;;;;;;;;x
PROV184;Bordeaux;Bordeaux;Bordeaux;;;;;;;;;x
PROV185;Mont de Marsan;Mont de Marsan;Mont de Marsan;;;;;;;;;x
PROV186;Pau;Pau;Pau;;;;;;;;;x
PROV187;Aurillac;Aurillac;Aurillac;;;;;;;;;x
PROV188;Cahors;Cahors;Cahors;;;;;;;;;x
PROV189;Clermont-Ferrand;Clermont-Ferrand;Clermont-Ferrand;;;;;;;;;x
PROV190;Montpellier;Montpellier;Montpellier;;;;;;;;;x
PROV191;Carcassone;Carcassone;Carcassone;;;;;;;;;x
PROV192;Perpignan;Perpignan;Perpignan;;;;;;;;;x
PROV193;Rodez;Rodez;Rodez;;;;;;;;;x
PROV194;Foix;Foix;Foix;;;;;;;;;x
PROV195;Montauban;Montauban;Montauban;;;;;;;;;x
PROV196;Toulouse;Toulouse;Toulouse;;;;;;;;;x
PROV197;Chateauroux;Chateauroux;Chateauroux;;;;;;;;;x
PROV198;Limoges;Limoges;Limoges;;;;;;;;;x
PROV199;Tulle;Tulle;Tulle;;;;;;;;;x
PROV200;Angouleme;Angouleme;Angouleme;;;;;;;;;x
PROV201;La Rochelle;La Rochelle;La Rochelle;;;;;;;;;x
PROV202;Poitiers;Poitiers;Poitiers;;;;;;;;;x
PROV203;Lyon;Lyon;Lyon;;;;;;;;;x
PROV204;Grenoble;Grenoble;Grenoble;;;;;;;;;x
PROV205;St Etienne;St Etienne;St Etienne;;;;;;;;;x
PROV206;Valence;Valence;Valence;;;;;;;;;x
PROV207;Auxerre;Auxerre;Auxerre;;;;;;;;;x
PROV208;Dijon;Dijon;Dijon;;;;;;;;;x
PROV209;Lons;Lons;Lons;;;;;;;;;x
PROV210;Macon;Macon;Macon;;;;;;;;;x
PROV211;Moulins;Moulins;Moulins;;;;;;;;;x
PROV212;Avignon;Avignon;Avignon;;;;;;;;;x
PROV213;Digne;Digne;Digne;;;;;;;;;x
PROV214;Frejus;Frejus;Frejus;;;;;;;;;x
PROV215;Marseille;Marseille;Marseille;;;;;;;;;x
PROV216;Toulon;Toulon;Toulon;;;;;;;;;x
PROV217;Annency;Annency;Annency;;;;;;;;;x
PROV218;Chambery;Chambery;Chambery;;;;;;;;;x
PROV219;Nice;Nice;Nice;;;;;;;;;x
PROV220;Brest;Brest;Brest;;;;;;;;;x
PROV221;St Brieuc;St Brieuc;St Brieuc;;;;;;;;;x
PROV222;Vannes;Vannes;Vannes;;;;;;;;;x
PROV223;Rennes;Rennes;Rennes;;;;;;;;;x
PROV224;Nantes;Nantes;Nantes;;;;;;;;;x
PROV225;Berlin;Berlin;Berlin;;;;;;;;;x
PROV226;Uckermark;Uckermark;Uckermark;;;;;;;;;x
PROV227;Prignitz;Prignitz;Prignitz;;;;;;;;;x
PROV228;Niederlausitz;Niederlausitz;Niederlausitz;;;;;;;;;x
PROV229;Magdeburg;Magdeburg;Magdeburg;;;;;;;;;x
PROV230;Dessau;Dessau;Dessau;;;;;;;;;x
PROV231;Halle;Halle;Halle;;;;;;;;;x
PROV232;Altmark;Altmark;Altmark;;;;;;;;;x
PROV233;Schwerin;Schwerin;Schwerin;;;;;;;;;x
PROV234;Neustrelitz;Neustrelitz;Neustrelitz;;;;;;;;;x
PROV235;Stralsund;Stralsund;Stralsund;;;;;;;;;x
PROV236;Swinemünde;Swinemünde;Swinemünde;;;;;;;;;x
PROV237;Königsberg;Königsberg;Königsberg;;;;;;;;;x
PROV238;Memel;Memel;Memel;;;;;;;;;x
PROV239;Danzig;Danzig;Danzig;;;;;;;;;x
PROV240;Elbing;Elbing;Elbing;;;;;;;;;x
PROV241;Allenstein;Allenstein;Allenstein;;;;;;;;;x
PROV242;Gumbinnen;Gumbinnen;Gumbinnen;;;;;;;;;x
PROV243;Stettin;Stettin;Stettin;;;;;;;;;x
PROV244;Kolberg;Kolberg;Kolberg;;;;;;;;;x
PROV245;Köslin;Köslin;Köslin;;;;;;;;;x
PROV246;Küstrin;Küstrin;Küstrin;;;;;;;;;x
PROV247;Breslau;Breslau;Breslau;;;;;;;;;x
PROV248;Liegnitz;Liegnitz;Liegnitz;;;;;;;;;x
PROV249;Oppeln;Oppeln;Oppeln;;;;;;;;;x
PROV250;Kattowitz;Kattowitz;Kattowitz;;;;;;;;;x
PROV251;München;München;München;;;;;;;;;x
PROV252;Niederbayern;Niederbayern;Niederbayern;;;;;;;;;x
PROV253;Ingolstadt;Ingolstadt;Ingolstadt;;;;;;;;;x
PROV254;Oberpfalz;Oberpfalz;Oberpfalz;;;;;;;;;x
PROV255;Augsburg;Augsburg;Augsburg;;;;;;;;;x
PROV256;Nürnberg;Nürnberg;Nürnberg;;;;;;;;;x
PROV257;Aschaffenburg;Aschaffenburg;Aschaffenburg;;;;;;;;;x
PROV258;Würzburg;Würzburg;Würzburg;;;;;;;;;x
PROV259;Oberfranken;Oberfranken;Oberfranken;;;;;;;;;x
PROV260;Dresden;Dresden;Dresden;;;;;;;;;x
PROV261;Leipzig;Leipzig;Leipzig;;;;;;;;;x
PROV262;Chemnitz;Chemnitz;Chemnitz;;;;;;;;;x
PROV263;Oberlausitz;Oberlausitz;Oberlausitz;;;;;;;;;x
PROV264;Erfurt;Erfurt;Erfurt;;;;;;;;;x
PROV265;Weimar;Weimar;Weimar;;;;;;;;;x
PROV266;Gotha;Gotha;Gotha;;;;;;;;;x
PROV267;Meiningen;Meiningen;Meiningen;;;;;;;;;x
PROV268;Hannover;Hannover;Hannover;;;;;;;;;x
PROV269;Nienburg;Nienburg;Nienburg;;;;;;;;;x
PROV270;Braunschweig;Braunschweig;Braunschweig;;;;;;;;;x
PROV271;Göttingen;Göttingen;Göttingen;;;;;;;;;x
PROV272;Hamburg;Hamburg;Hamburg;;;;;;;;;x
PROV273;Stade;Stade;Stade;;;;;;;;;x
PROV274;Lüneburg;Lüneburg;Lüneburg;;;;;;;;;x
PROV275;Osnabrück;Osnabrück;Osnabrück;;;;;;;;;x
PROV276;Bremen;Bremen;Bremen;;;;;;;;;x
PROV277;Oldenburg;Oldenburg;Oldenburg;;;;;;;;;x
PROV278;Cloppenburg;Cloppenburg;Cloppenburg;;;;;;;;;x
PROV279;Lingen;Lingen;Lingen;;;;;;;;;x
PROV280;Emden;Emden;Emden;;;;;;;;;x
PROV281;Düsseldorf;Düsseldorf;Düsseldorf;;;;;;;;;x
PROV282;Kleve;Kleve;Kleve;;;;;;;;;x
PROV283;Münster;Münster;Münster;;;;;;;;;x
PROV284;Dortmund;Dortmund;Dortmund;;;;;;;;;x
PROV285;Siegen;Siegen;Siegen;;;;;;;;;x
PROV286;Korbach;Korbach;Korbach;;;;;;;;;x
PROV287;Koblenz;Koblenz;Koblenz;;;;;;;;;x
PROV288;Detmold;Detmold;Detmold;;;;;;;;;x
PROV289;Minden;Minden;Minden;;;;;;;;;x
PROV290;Frankfurt;Frankfurt;Frankfurt;;;;;;;;;x
PROV291;Köln;Köln;Köln;;;;;;;;;x
PROV292;Aachen;Aachen;Aachen;;;;;;;;;x
PROV293;Siegburg;Siegburg;Siegburg;;;;;;;;;x
PROV294;Luxemburg;Luxemburg;Luxemburg;;;;;;;;;x
PROV295;Wiesbaden;Wiesbaden;Wiesbaden;;;;;;;;;x
PROV296;Kassel;Kassel;Kassel;;;;;;;;;x
PROV297;Giessen;Giessen;Giessen;;;;;;;;;x
PROV298;Fulda;Fulda;Fulda;;;;;;;;;x
PROV299;Darmstadt;Darmstadt;Darmstadt;;;;;;;;;x
PROV300;Kiel;Kiel;Kiel;;;;;;;;;x
PROV301;Lauenburg;Lauenburg;Lauenburg;;;;;;;;;x
PROV302;Lübeck;Lübeck;Lübeck;;;;;;;;;x
PROV303;Flensburg;Flensburg;Flensburg;;;;;;;;;x
PROV304;Aabenraa;Aabenraa;Aabenraa;;;;;;;;;x
PROV305;Stuttgart;Stuttgart;Stuttgart;;;;;;;;;x
PROV306;Hohenlohe;Hohenlohe;Hohenlohe;;;;;;;;;x
PROV307;Tübingen;Tübingen;Tübingen;;;;;;;;;x
PROV308;Ulm;Ulm;Ulm;;;;;;;;;x
PROV309;Hohenzollern;Hohenzollern;Hohenzollern;;;;;;;;;x
PROV310;Strasbourg;Strasbourg;Strasbourg;;;;;;;;;x
PROV311;Colmar;Colmar;Colmar;;;;;;;;;x
PROV312;Metz;Metz;Metz;;;;;;;;;x
PROV313;Baden;Baden;Baden;;;;;;;;;x
PROV314;Pfalz;Pfalz;Pfalz;;;;;;;;;x
PROV315;Breisgau;Breisgau;Breisgau;;;;;;;;;x
PROV316;Fürstenberg;Fürstenberg;Fürstenberg;;;;;;;;;x
PROV317;Mainz;Mainz;Mainz;;;;;;;;;x
PROV318;Kaiserlautern;Kaiserlautern;Kaiserlautern;;;;;;;;;x
PROV319;Kreuznach;Kreuznach;Kreuznach;;;;;;;;;x
PROV320;Trier;Trier;Trier;;;;;;;;;x
PROV321;Saarland;Saarland;Saarland;;;;;;;;;x
PROV322;Accra;Accra;Accra;;;;;;;;;x
PROV323;Cape Coast;Cape Coast;Cape Coast;;;;;;;;;x
PROV324;Sekondi;Sekondi;Sekondi;;;;;;;;;x
PROV325;Kumasi;Kumasi;Kumasi;;;;;;;;;x
PROV326;Kintampo;Kintampo;Kintampo;;;;;;;;;x
PROV327;Wa;Wa;Wa;;;;;;;;;x
PROV328;Tamale;Tamale;Tamale;;;;;;;;;x
PROV329;Athína;Athína;Athína;;;;;;;;;x
PROV330;Mesolongi;Mesolongi;Mesolongi;;;;;;;;;x
PROV331;Lamia;Lamia;Lamia;;;;;;;;;x
PROV332;Amfissa;Amfissa;Amfissa;;;;;;;;;x
PROV333;Chalkida;Chalkida;Chalkida;;;;;;;;;x
PROV334;Corfu;Corfu;Corfu;;;;;;;;;x
PROV335;Zakynthos;Zakynthos;Zakynthos;;;;;;;;;x
PROV336;Nafplio;Nafplio;Nafplio;;;;;;;;;x
PROV337;Kórinthos;Kórinthos;Kórinthos;;;;;;;;;x
PROV338;Kalamata;Kalamata;Kalamata;;;;;;;;;x
PROV339;Patras;Patras;Patras;;;;;;;;;x
PROV340;Volos;Volos;Volos;;;;;;;;;x
PROV341;Larissa;Larissa;Larissa;;;;;;;;;x
PROV342;Trikala;Trikala;Trikala;;;;;;;;;x
PROV343;Arta;Arta;Arta;;;;;;;;;x
PROV344;Ioannina;Ioannina;Ioannina;;;;;;;;;x
PROV345;Flórina;Flórina;Flórina;;;;;;;;;x
PROV346;Grevená;Grevená;Grevená;;;;;;;;;x
PROV347;Salonika;Salonika;Salonika;;;;;;;;;x
PROV348;Polygyros;Polygyros;Polygyros;;;;;;;;;x
PROV349;Kavala;Kavala;Kavala;;;;;;;;;x
PROV350;Xánthi;Xánthi;Xánthi;;;;;;;;;x
PROV351;Alexandroupoli;Alexandroupoli;Alexandroupoli;;;;;;;;;x
PROV352;Édessa;Édessa;Édessa;;;;;;;;;x
PROV353;Chios;Chios;Chios;;;;;;;;;x
PROV354;Mytilene;Mytilene;Mytilene;;;;;;;;;x
PROV355;Kykládes;Kykládes;Kykládes;;;;;;;;;x
PROV356;Dodekánisa;Dodekánisa;Dodekánisa;;;;;;;;;x
PROV357;Chaniá;Chaniá;Chaniá;;;;;;;;;x
PROV358;Irákleio;Irákleio;Irákleio;;;;;;;;;x
PROV359;Leukosía;Leukosía;Leukosía;;;;;;;;;x
PROV360;Lemesós;Lemesós;Lemesós;;;;;;;;;x
PROV361;Ammóchostos;Ammóchostos;Ammóchostos;;;;;;;;;x
PROV362;Boffa;Boffa;Boffa;;;;;;;;;x
PROV363;Timbo;Timbo;Timbo;;;;;;;;;x
PROV364;Dinguiraye;Dinguiraye;Dinguiraye;;;;;;;;;x
PROV365;Kankan;Kankan;Kankan;;;;;;;;;x
PROV366;Beyla;Beyla;Beyla;;;;;;;;;x
PROV367;Roma;Roma;Roma;;;;;;;;;x
PROV368;Viterbo;Viterbo;Viterbo;;;;;;;;;x
PROV369;Perugia;Perugia;Perugia;;;;;;;;;x
PROV370;Ancona;Ancona;Ancona;;;;;;;;;x
PROV371;Cagliari;Cagliari;Cagliari;;;;;;;;;x
PROV372;Sassari;Sassari;Sassari;;;;;;;;;x
PROV373;Firenze;Firenze;Firenze;;;;;;;;;x
PROV374;Livorno;Livorno;Livorno;;;;;;;;;x
PROV375;Siena;Siena;Siena;;;;;;;;;x
PROV376;Grosetto;Grosetto;Grosetto;;;;;;;;;x
PROV377;Napoli;Napoli;Napoli;;;;;;;;;x
PROV378;Salerno;Salerno;Salerno;;;;;;;;;x
PROV379;Potenza;Potenza;Potenza;;;;;;;;;x
PROV380;Gaeta;Gaeta;Gaeta;;;;;;;;;x
PROV381;Reggio di Calabria;Reggio di Calabria;Reggio di Calabria;;;;;;;;;x
PROV382;Catanzaro;Catanzaro;Catanzaro;;;;;;;;;x
PROV383;Abruzzo;Abruzzo;Abruzzo;;;;;;;;;x
PROV384;Bari;Bari;Bari;;;;;;;;;x
PROV385;Foggia;Foggia;Foggia;;;;;;;;;x
PROV386;Brindisi;Brindisi;Brindisi;;;;;;;;;x
PROV387;Messina;Messina;Messina;;;;;;;;;x
PROV388;Palermo;Palermo;Palermo;;;;;;;;;x
PROV389;Catania;Catania;Catania;;;;;;;;;x
PROV390;Venezia;Venezia;Venezia;;;;;;;;;x
PROV391;Verona;Verona;Verona;;;;;;;;;x
PROV392;Padova;Padova;Padova;;;;;;;;;x
PROV393;Treviso;Treviso;Treviso;;;;;;;;;x
PROV394;Udine;Udine;Udine;;;;;;;;;x
PROV395;Turin;Turin;Turin;;;;;;;;;x
PROV396;Novara;Novara;Novara;;;;;;;;;x
PROV397;Alessandria;Alessandria;Alessandria;;;;;;;;;x
PROV398;Aosta;Aosta;Aosta;;;;;;;;;x
PROV399;Genoa;Genoa;Genoa;;;;;;;;;x
PROV400;Savona;Savona;Savona;;;;;;;;;x
PROV401;Milan;Milan;Milan;;;;;;;;;x
PROV402;Bergamo;Bergamo;Bergamo;;;;;;;;;x
PROV403;Brescia;Brescia;Brescia;;;;;;;;;x
PROV404;Parma;Parma;Parma;;;;;;;;;x
PROV405;Modena;Modena;Modena;;;;;;;;;x
PROV406;Massa;Massa;Massa;;;;;;;;;x
PROV407;Lucca;Lucca;Lucca;;;;;;;;;x
PROV408;Bologna;Bologna;Bologna;;;;;;;;;x
PROV409;Ferrara;Ferrara;Ferrara;;;;;;;;;x
PROV410;Ravenna;Ravenna;Ravenna;;;;;;;;;x
PROV411;Rabat;Rabat;Rabat;;;;;;;;;x
PROV412;Wazzan;Wazzan;Wazzan;;;;;;;;;x
PROV413;Meknes;Meknes;Meknes;;;;;;;;;x
PROV414;Fez;Fez;Fez;;;;;;;;;x
PROV415;Ajdir;Ajdir;Ajdir;;;;;;;;;x
PROV416;Melilla;Melilla;Melilla;;;;;;;;;x
PROV417;Tangier;Tangier;Tangier;;;;;;;;;x
PROV418;Tetouan;Tetouan;Tetouan;;;;;;;;;x
PROV419;Taza;Taza;Taza;;;;;;;;;x
PROV420;Wujda;Wujda;Wujda;;;;;;;;;x
PROV421;Figuig;Figuig;Figuig;;;;;;;;;x
PROV422;Rashidia;Rashidia;Rashidia;;;;;;;;;x
PROV423;Warzazat;Warzazat;Warzazat;;;;;;;;;x
PROV424;Sawira;Sawira;Sawira;;;;;;;;;x
PROV425;Marrakesh;Marrakesh;Marrakesh;;;;;;;;;x
PROV426;Casablanca;Casablanca;Casablanca;;;;;;;;;x
PROV427;Safi;Safi;Safi;;;;;;;;;x
PROV428;Huribka;Huribka;Huribka;;;;;;;;;x
PROV429;Tarfaya;Tarfaya;Tarfaya;;;;;;;;;x
PROV430;Agadir;Agadir;Agadir;;;;;;;;;x
PROV431;Ifni;Ifni;Ifni;;;;;;;;;x
PROV432;El Aaiún;El Aaiún;El Aaiún;;;;;;;;;x
PROV433;al-Dahila;al-Dahila;al-Dahila;;;;;;;;;x
PROV434;Bir Lehlu;Bir Lehlu;Bir Lehlu;;;;;;;;;x
PROV435;Brussel;Brussel;Brussel;;;;;;;;;x
PROV436;Brugge;Brugge;Brugge;;;;;;;;;x
PROV437;Gent;Gent;Gent;;;;;;;;;x
PROV438;Antwerpen;Antwerpen;Antwerpen;;;;;;;;;x
PROV439;Hasselt;Hasselt;Hasselt;;;;;;;;;x
PROV440;Namur;Namur;Namur;;;;;;;;;x
PROV441;Tournai;Tournai;Tournai;;;;;;;;;x
PROV442;Charleroi;Charleroi;Charleroi;;;;;;;;;x
PROV443;Liège;Liège;Liège;;;;;;;;;x
PROV444;Spa;Spa;Spa;;;;;;;;;x
PROV445;Arlon;Arlon;Arlon;;;;;;;;;x
PROV446;Amsterdam;Amsterdam;Amsterdam;;;;;;;;;x
PROV447;Rotterdam;Rotterdam;Rotterdam;;;;;;;;;x
PROV448;Utrecht;Utrecht;Utrecht;;;;;;;;;x
PROV449;Gelderland;Gelderland;Gelderland;;;;;;;;;x
PROV450;Zeeland;Zeeland;Zeeland;;;;;;;;;x
PROV451;Eindhoven;Eindhoven;Eindhoven;;;;;;;;;x
PROV452;Breda;Breda;Breda;;;;;;;;;x
PROV453;Limburg;Limburg;Limburg;;;;;;;;;x
PROV454;Friesland;Friesland;Friesland;;;;;;;;;x
PROV455;Groningen;Groningen;Groningen;;;;;;;;;x
PROV456;Overijssel;Overijssel;Overijssel;;;;;;;;;x
PROV457;Drenthe;Drenthe;Drenthe;;;;;;;;;x
PROV458;Cotonou;Cotonou;Cotonou;;;;;;;;;x
PROV459;Abomey;Abomey;Abomey;;;;;;;;;x
PROV460;Nikki;Nikki;Nikki;;;;;;;;;x
PROV461;Jugu;Jugu;Jugu;;;;;;;;;x
PROV462;Abuja;Abuja;Abuja;;;;;;;;;x
PROV463;Zaria;Zaria;Zaria;;;;;;;;;x
PROV464;Kano;Kano;Kano;;;;;;;;;x
PROV465;Katsina;Katsina;Katsina;;;;;;;;;x
PROV466;Hadejia;Hadejia;Hadejia;;;;;;;;;x
PROV467;Bida;Bida;Bida;;;;;;;;;x
PROV468;Ilorin;Ilorin;Ilorin;;;;;;;;;x
PROV469;Bussa;Bussa;Bussa;;;;;;;;;x
PROV470;Kebbi;Kebbi;Kebbi;;;;;;;;;x
PROV471;Sokoto;Sokoto;Sokoto;;;;;;;;;x
PROV472;Lagos;Lagos;Lagos;;;;;;;;;x
PROV473;Abeokuta;Abeokuta;Abeokuta;;;;;;;;;x
PROV474;Ibadan;Ibadan;Ibadan;;;;;;;;;x
PROV475;Ife;Ife;Ife;;;;;;;;;x
PROV476;Warri;Warri;Warri;;;;;;;;;x
PROV477;Bonny;Bonny;Bonny;;;;;;;;;x
PROV478;Awka;Awka;Awka;;;;;;;;;x
PROV479;Calabar;Calabar;Calabar;;;;;;;;;x
PROV480;Aruchukwu;Aruchukwu;Aruchukwu;;;;;;;;;x
PROV481;Tukari;Tukari;Tukari;;;;;;;;;x
PROV482;Bauchi;Bauchi;Bauchi;;;;;;;;;x
PROV483;Jos;Jos;Jos;;;;;;;;;x
PROV484;Gombe;Gombe;Gombe;;;;;;;;;x
PROV485;Yola;Yola;Yola;;;;;;;;;x
PROV486;Benin;Benin;Benin;;;;;;;;;x
PROV487;Akure;Akure;Akure;;;;;;;;;x
PROV488;Lokoja;Lokoja;Lokoja;;;;;;;;;x
PROV489;Makurdi;Makurdi;Makurdi;;;;;;;;;x
PROV490;Kuka;Kuka;Kuka;;;;;;;;;x
PROV491;Nguru;Nguru;Nguru;;;;;;;;;x
PROV492;Dikoa;Dikoa;Dikoa;;;;;;;;;x
PROV493;Tehran;Tehran;Tehran;;;;;;;;;x
PROV494;Qazvin;Qazvin;Qazvin;;;;;;;;;x
PROV495;Qom;Qom;Qom;;;;;;;;;x
PROV496;Semnan;Semnan;Semnan;;;;;;;;;x
PROV497;Tabriz;Tabriz;Tabriz;;;;;;;;;x
PROV498;Khvoy;Khvoy;Khvoy;;;;;;;;;x
PROV499;Urumia;Urumia;Urumia;;;;;;;;;x
PROV500;Mahabad;Mahabad;Mahabad;;;;;;;;;x
PROV501;Zanjan;Zanjan;Zanjan;;;;;;;;;x
PROV502;Ardabil;Ardabil;Ardabil;;;;;;;;;x
PROV503;Gilan;Gilan;Gilan;;;;;;;;;x
PROV504;Noshehr;Noshehr;Noshehr;;;;;;;;;x
PROV505;Sari;Sari;Sari;;;;;;;;;x
PROV506;Golestan;Golestan;Golestan;;;;;;;;;x
PROV507;Kermanshah;Kermanshah;Kermanshah;;;;;;;;;x
PROV508;Sanandaj;Sanandaj;Sanandaj;;;;;;;;;x
PROV509;Ilam;Ilam;Ilam;;;;;;;;;x
PROV510;Khoramabad;Khoramabad;Khoramabad;;;;;;;;;x
PROV511;Hamadan;Hamadan;Hamadan;;;;;;;;;x
PROV512;Isfahan;Isfahan;Isfahan;;;;;;;;;x
PROV513;Arak;Arak;Arak;;;;;;;;;x
PROV514;Kashan;Kashan;Kashan;;;;;;;;;x
PROV515;Yazd;Yazd;Yazd;;;;;;;;;x
PROV516;Shiraz;Shiraz;Shiraz;;;;;;;;;x
PROV517;Dehkord;Dehkord;Dehkord;;;;;;;;;x
PROV518;Yasuj;Yasuj;Yasuj;;;;;;;;;x
PROV519;Sirjan;Sirjan;Sirjan;;;;;;;;;x
PROV520;Kerman;Kerman;Kerman;;;;;;;;;x
PROV521;Bam;Bam;Bam;;;;;;;;;x
PROV522;Kangan;Kangan;Kangan;;;;;;;;;x
PROV523;Bushire;Bushire;Bushire;;;;;;;;;x
PROV524;Abadan;Abadan;Abadan;;;;;;;;;x
PROV525;Ahvaz;Ahvaz;Ahvaz;;;;;;;;;x
PROV526;Dezful;Dezful;Dezful;;;;;;;;;x
PROV527;Bandar Abbas;Bandar Abbas;Bandar Abbas;;;;;;;;;x
PROV528;Lengeh;Lengeh;Lengeh;;;;;;;;;x
PROV529;Jask;Jask;Jask;;;;;;;;;x
PROV530;Chabahar;Chabahar;Chabahar;;;;;;;;;x
PROV531;Zahedan;Zahedan;Zahedan;;;;;;;;;x
PROV532;Birjand;Birjand;Birjand;;;;;;;;;x
PROV533;Mashhad;Mashhad;Mashhad;;;;;;;;;x
PROV534;Bojnurd;Bojnurd;Bojnurd;;;;;;;;;x
PROV535;Sabzevar;Sabzevar;Sabzevar;;;;;;;;;x
PROV536;Warszawa;Warszawa;Warszawa;;;;;;;;;x
PROV537;Plock;Plock;Plock;;;;;;;;;x
PROV538;Lomza;Lomza;Lomza;;;;;;;;;x
PROV539;Lublin;Lublin;Lublin;;;;;;;;;x
PROV540;Siedlce;Siedlce;Siedlce;;;;;;;;;x
PROV541;Bialystok;Bialystok;Bialystok;;;;;;;;;x
PROV542;Suwalki;Suwalki;Suwalki;;;;;;;;;x
PROV543;Tuchel;Tuchel;Tuchel;;;;;;;;;x
PROV544;Deutsch Krone;Deutsch Krone;Deutsch Krone;;;;;;;;;x
PROV545;Torun;Torun;Torun;;;;;;;;;x
PROV546;Posen;Posen;Posen;;;;;;;;;x
PROV547;Bromberg;Bromberg;Bromberg;;;;;;;;;x
PROV548;Gniezno;Gniezno;Gniezno;;;;;;;;;x
PROV549;Skierniewice;Skierniewice;Skierniewice;;;;;;;;;x
PROV550;Lodz;Lodz;Lodz;;;;;;;;;x
PROV551;Radom;Radom;Radom;;;;;;;;;x
PROV552;Kielce;Kielce;Kielce;;;;;;;;;x
PROV553;Kalisz;Kalisz;Kalisz;;;;;;;;;x
PROV554;Kiev;Kiev;Kiev;;;;;;;;;x
PROV555;Vinnitsa;Vinnitsa;Vinnitsa;;;;;;;;;x
PROV556;Korosten;Korosten;Korosten;;;;;;;;;x
PROV557;Zhitomir;Zhitomir;Zhitomir;;;;;;;;;x
PROV558;Cherkassy;Cherkassy;Cherkassy;;;;;;;;;x
PROV559;Chernigov;Chernigov;Chernigov;;;;;;;;;x
PROV560;Poltava;Poltava;Poltava;;;;;;;;;x
PROV561;Luhansk;Luhansk;Luhansk;;;;;;;;;x
PROV562;Ekaterinoslav;Ekaterinoslav;Ekaterinoslav;;;;;;;;;x
PROV563;Melitopol;Melitopol;Melitopol;;;;;;;;;x
PROV564;Kramatorsk;Kramatorsk;Kramatorsk;;;;;;;;;x
PROV565;Yuzovka;Yuzovka;Yuzovka;;;;;;;;;x
PROV566;Mariupol;Mariupol;Mariupol;;;;;;;;;x
PROV567;Kharkov;Kharkov;Kharkov;;;;;;;;;x
PROV568;Cherson;Cherson;Cherson;;;;;;;;;x
PROV569;Odessa;Odessa;Odessa;;;;;;;;;x
PROV570;Pervomaisk;Pervomaisk;Pervomaisk;;;;;;;;;x
PROV571;Nikolaev;Nikolaev;Nikolaev;;;;;;;;;x
PROV572;Krivoy Rog;Krivoy Rog;Krivoy Rog;;;;;;;;;x
PROV573;Proskorov;Proskorov;Proskorov;;;;;;;;;x
PROV574;Rovne;Rovne;Rovne;;;;;;;;;x
PROV575;Kovel;Kovel;Kovel;;;;;;;;;x
PROV576;Minsk;Minsk;Minsk;;;;;;;;;x
PROV577;Slutsk;Slutsk;Slutsk;;;;;;;;;x
PROV578;Mozyr;Mozyr;Mozyr;;;;;;;;;x
PROV579;Grodno;Grodno;Grodno;;;;;;;;;x
PROV580;Brest-Litovsk;Brest-Litovsk;Brest-Litovsk;;;;;;;;;x
PROV581;Baranovichi;Baranovichi;Baranovichi;;;;;;;;;x
PROV582;Pinsk;Pinsk;Pinsk;;;;;;;;;x
PROV583;Lida;Lida;Lida;;;;;;;;;x
PROV584;Pastavy;Pastavy;Pastavy;;;;;;;;;x
PROV585;Orsha;Orsha;Orsha;;;;;;;;;x
PROV586;Vitebsk;Vitebsk;Vitebsk;;;;;;;;;x
PROV587;Polotsk;Polotsk;Polotsk;;;;;;;;;x
PROV588;Mogilev;Mogilev;Mogilev;;;;;;;;;x
PROV589;Gomel;Gomel;Gomel;;;;;;;;;x
PROV590;Vilnius;Vilnius;Vilnius;;;;;;;;;x
PROV591;Kaunas;Kaunas;Kaunas;;;;;;;;;x
PROV592;Marijampole;Marijampole;Marijampole;;;;;;;;;x
PROV593;Panevežys;Panevežys;Panevežys;;;;;;;;;x
PROV594;Šiauliai;Šiauliai;Šiauliai;;;;;;;;;x
PROV595;Palanga;Palanga;Palanga;;;;;;;;;x
PROV596;Lvov;Lvov;Lvov;;;;;;;;;x
PROV597;Stryi;Stryi;Stryi;;;;;;;;;x
PROV598;Ternopil;Ternopil;Ternopil;;;;;;;;;x
PROV599;Stanislavov;Stanislavov;Stanislavov;;;;;;;;;x
PROV600;Krakow;Krakow;Krakow;;;;;;;;;x
PROV601;Novy Sacz;Novy Sacz;Novy Sacz;;;;;;;;;x
PROV602;Przemysl;Przemysl;Przemysl;;;;;;;;;x
PROV603;Bielsko;Bielsko;Bielsko;;;;;;;;;x
PROV604;Tarnow;Tarnow;Tarnow;;;;;;;;;x
PROV605;Cape Verde;Cape Verde;Cape Verde;;;;;;;;;x
PROV606;Fernando Po;Fernando Po;Fernando Po;;;;;;;;;x
PROV607;Estremadura;Estremadura;Estremadura;;;;;;;;;x
PROV608;Ribatejo;Ribatejo;Ribatejo;;;;;;;;;x
PROV609;Minho;Minho;Minho;;;;;;;;;x
PROV610;Douro Litoral;Douro Litoral;Douro Litoral;;;;;;;;;x
PROV611;Trás-os-Montes;Trás-os-Montes;Trás-os-Montes;;;;;;;;;x
PROV612;Beira Litoral;Beira Litoral;Beira Litoral;;;;;;;;;x
PROV613;Beira Alta;Beira Alta;Beira Alta;;;;;;;;;x
PROV614;Beira Baixa;Beira Baixa;Beira Baixa;;;;;;;;;x
PROV615;Alto Alentejo;Alto Alentejo;Alto Alentejo;;;;;;;;;x
PROV616;Baixo Alentejo;Baixo Alentejo;Baixo Alentejo;;;;;;;;;x
PROV617;Algarve;Algarve;Algarve;;;;;;;;;x
PROV618;Madeira;Madeira;Madeira;;;;;;;;;x
PROV619;São Tomé;São Tomé;São Tomé;;;;;;;;;x
PROV620;Bucuresti;Bucuresti;Bucuresti;;;;;;;;;x
PROV621;Braila;Braila;Braila;;;;;;;;;x
PROV622;Calarasi;Calarasi;Calarasi;;;;;;;;;x
PROV623;Tirgoviste;Tirgoviste;Tirgoviste;;;;;;;;;x
PROV624;Craiova;Craiova;Craiova;;;;;;;;;x
PROV625;Tirgu Jiu;Tirgu Jiu;Tirgu Jiu;;;;;;;;;x
PROV626;Constanta;Constanta;Constanta;;;;;;;;;x
PROV627;Tulcea;Tulcea;Tulcea;;;;;;;;;x
PROV628;Cluj;Cluj;Cluj;;;;;;;;;x
PROV629;Deva;Deva;Deva;;;;;;;;;x
PROV630;Alba Iulia;Alba Iulia;Alba Iulia;;;;;;;;;x
PROV631;Brasso;Brasso;Brasso;;;;;;;;;x
PROV632;Nagyszeben;Nagyszeben;Nagyszeben;;;;;;;;;x
PROV633;Targu Mures;Targu Mures;Targu Mures;;;;;;;;;x
PROV634;Udvarhely;Udvarhely;Udvarhely;;;;;;;;;x
PROV635;Temesvar;Temesvar;Temesvar;;;;;;;;;x
PROV636;Resicabanya;Resicabanya;Resicabanya;;;;;;;;;x
PROV637;Oradea;Oradea;Oradea;;;;;;;;;x
PROV638;Satu Mare;Satu Mare;Satu Mare;;;;;;;;;x
PROV639;Bistrita;Bistrita;Bistrita;;;;;;;;;x
PROV640;Chisinau;Chisinau;Chisinau;;;;;;;;;x
PROV641;Balti;Balti;Balti;;;;;;;;;x
PROV642;Budjak;Budjak;Budjak;;;;;;;;;x
PROV643;Iasi;Iasi;Iasi;;;;;;;;;x
PROV644;Botosani;Botosani;Botosani;;;;;;;;;x
PROV645;Bacau;Bacau;Bacau;;;;;;;;;x
PROV646;Galati;Galati;Galati;;;;;;;;;x
PROV647;Suceava;Suceava;Suceava;;;;;;;;;x
PROV648;Czernowitz;Czernowitz;Czernowitz;;;;;;;;;x
PROV649;Yerevan;Yerevan;Yerevan;;;;;;;;;x
PROV650;Gyumri;Gyumri;Gyumri;;;;;;;;;x
PROV651;Kapan;Kapan;Kapan;;;;;;;;;x
PROV652;Nakhchivan;Nakhchivan;Nakhchivan;;;;;;;;;x
PROV653;Baku;Baku;Baku;;;;;;;;;x
PROV654;Ganja;Ganja;Ganja;;;;;;;;;x
PROV655;Agdam;Agdam;Agdam;;;;;;;;;x
PROV656;Sheki;Sheki;Sheki;;;;;;;;;x
PROV657;Lankaran;Lankaran;Lankaran;;;;;;;;;x
PROV658;Siyazen;Siyazen;Siyazen;;;;;;;;;x
PROV659;Kartli;Kartli;Kartli;;;;;;;;;x
PROV660;Mukhrani;Mukhrani;Mukhrani;;;;;;;;;x
PROV661;Kakheti;Kakheti;Kakheti;;;;;;;;;x
PROV662;South Ossetia;South Ossetia;South Ossetia;;;;;;;;;x
PROV663;Samtskhe-Javakheti;Samtskhe-Javakheti;Samtskhe-Javakheti;;;;;;;;;x
PROV664;Imereti;Imereti;Imereti;;;;;;;;;x
PROV665;Samegrelo;Samegrelo;Samegrelo;;;;;;;;;x
PROV666;Abkhazia;Abkhazia;Abkhazia;;;;;;;;;x
PROV667;Adjara-Guria;Adjara-Guria;Adjara-Guria;;;;;;;;;x
PROV668;Astana;Astana;Astana;;;;;;;;;x
PROV669;Turgay;Turgay;Turgay;;;;;;;;;x
PROV670;Kokshetau;Kokshetau;Kokshetau;;;;;;;;;x
PROV671;Aktash;Aktash;Aktash;;;;;;;;;x
PROV672;Atyrau;Atyrau;Atyrau;;;;;;;;;x
PROV673;Aqtobe;Aqtobe;Aqtobe;;;;;;;;;x
PROV674;Mangystau;Mangystau;Mangystau;;;;;;;;;x
PROV675;Uralsk;Uralsk;Uralsk;;;;;;;;;x
PROV676;Aralsk;Aralsk;Aralsk;;;;;;;;;x
PROV677;Almaty;Almaty;Almaty;;;;;;;;;x
PROV678;Semipalatinsk;Semipalatinsk;Semipalatinsk;;;;;;;;;x
PROV679;Qaratal;Qaratal;Qaratal;;;;;;;;;x
PROV680;Zhambyl;Zhambyl;Zhambyl;;;;;;;;;x
PROV681;Shymkent;Shymkent;Shymkent;;;;;;;;;x
PROV682;Kyzylorda;Kyzylorda;Kyzylorda;;;;;;;;;x
PROV683;Yasi;Yasi;Yasi;;;;;;;;;x
PROV684;Moskva;Moskva;Moskva;;;;;;;;;x
PROV685;Tula;Tula;Tula;;;;;;;;;x
PROV686;Ryazan;Ryazan;Ryazan;;;;;;;;;x
PROV687;Vladimir;Vladimir;Vladimir;;;;;;;;;x
PROV688;Ivanovo;Ivanovo;Ivanovo;;;;;;;;;x
PROV689;Petrozavorsk;Petrozavorsk;Petrozavorsk;;;;;;;;;x
PROV690;Kostomushka;Kostomushka;Kostomushka;;;;;;;;;x
PROV691;Povyents;Povyents;Povyents;;;;;;;;;x
PROV692;Viipuri;Viipuri;Viipuri;;;;;;;;;x
PROV693;Kola;Kola;Kola;;;;;;;;;x
PROV694;Petsamo;Petsamo;Petsamo;;;;;;;;;x
PROV695;Kandalaksha;Kandalaksha;Kandalaksha;;;;;;;;;x
PROV696;Tver;Tver;Tver;;;;;;;;;x
PROV697;Yaroslavl;Yaroslavl;Yaroslavl;;;;;;;;;x
PROV698;Belozersk;Belozersk;Belozersk;;;;;;;;;x
PROV699;Vyterga;Vyterga;Vyterga;;;;;;;;;x
PROV700;Vologda;Vologda;Vologda;;;;;;;;;x
PROV701;St Petersburg;St Petersburg;St Petersburg;;;;;;;;;x
PROV702;Luga;Luga;Luga;;;;;;;;;x
PROV703;Gdov;Gdov;Gdov;;;;;;;;;x
PROV704;Pskov;Pskov;Pskov;;;;;;;;;x
PROV705;Smolensk;Smolensk;Smolensk;;;;;;;;;x
PROV706;Rzhev;Rzhev;Rzhev;;;;;;;;;x
PROV707;Staritsa;Staritsa;Staritsa;;;;;;;;;x
PROV708;Velikiye Luki;Velikiye Luki;Velikiye Luki;;;;;;;;;x
PROV709;Archangel;Archangel;Archangel;;;;;;;;;x
PROV710;Onega;Onega;Onega;;;;;;;;;x
PROV711;Rostov;Rostov;Rostov;;;;;;;;;x
PROV712;Azov;Azov;Azov;;;;;;;;;x
PROV713;Chirskaya;Chirskaya;Chirskaya;;;;;;;;;x
PROV714;Migolinskaya;Migolinskaya;Migolinskaya;;;;;;;;;x
PROV715;Kursk;Kursk;Kursk;;;;;;;;;x
PROV716;Orel;Orel;Orel;;;;;;;;;x
PROV717;Belgorod;Belgorod;Belgorod;;;;;;;;;x
PROV718;Voronets;Voronets;Voronets;;;;;;;;;x
PROV719;Kotlas;Kotlas;Kotlas;;;;;;;;;x
PROV720;Ust Sysolsk;Ust Sysolsk;Ust Sysolsk;;;;;;;;;x
PROV721;Galich;Galich;Galich;;;;;;;;;x
PROV722;Uglich;Uglich;Uglich;;;;;;;;;x
PROV723;Kostorma;Kostorma;Kostorma;;;;;;;;;x
PROV724;Muzhi;Muzhi;Muzhi;;;;;;;;;x
PROV725;Berezov;Berezov;Berezov;;;;;;;;;x
PROV726;Ekaterinburg;Ekaterinburg;Ekaterinburg;;;;;;;;;x
PROV727;Tyumen;Tyumen;Tyumen;;;;;;;;;x
PROV728;Chelyabinsk;Chelyabinsk;Chelyabinsk;;;;;;;;;x
PROV729;Novgorod;Novgorod;Novgorod;;;;;;;;;x
PROV730;Tikhvin;Tikhvin;Tikhvin;;;;;;;;;x
PROV731;Borovichi;Borovichi;Borovichi;;;;;;;;;x
PROV732;Stara Ladoga;Stara Ladoga;Stara Ladoga;;;;;;;;;x
PROV733;Borodino;Borodino;Borodino;;;;;;;;;x
PROV734;Kaluga;Kaluga;Kaluga;;;;;;;;;x
PROV735;Vyazma;Vyazma;Vyazma;;;;;;;;;x
PROV736;Peremyshl;Peremyshl;Peremyshl;;;;;;;;;x
PROV737;Bryansk;Bryansk;Bryansk;;;;;;;;;x
PROV738;Nizhni Novgorod;Nizhni Novgorod;Nizhni Novgorod;;;;;;;;;x
PROV739;Vetluga;Vetluga;Vetluga;;;;;;;;;x
PROV740;Vyatkha;Vyatkha;Vyatkha;;;;;;;;;x
PROV741;Qazan;Qazan;Qazan;;;;;;;;;x
PROV742;Çistay;Çistay;Çistay;;;;;;;;;x
PROV743;Simbirsk;Simbirsk;Simbirsk;;;;;;;;;x
PROV744;Mulda;Mulda;Mulda;;;;;;;;;x
PROV745;Perm;Perm;Perm;;;;;;;;;x
PROV746;Glasov;Glasov;Glasov;;;;;;;;;x
PROV747;Sarapul;Sarapul;Sarapul;;;;;;;;;x
PROV748;Usogorsk;Usogorsk;Usogorsk;;;;;;;;;x
PROV749;Saratov;Saratov;Saratov;;;;;;;;;x
PROV750;Novo Uzensk;Novo Uzensk;Novo Uzensk;;;;;;;;;x
PROV751;Tambov;Tambov;Tambov;;;;;;;;;x
PROV752;Penza;Penza;Penza;;;;;;;;;x
PROV753;Kalmykia;Kalmykia;Kalmykia;;;;;;;;;x
PROV754;Astrakhan;Astrakhan;Astrakhan;;;;;;;;;x
PROV755;Zarevka;Zarevka;Zarevka;;;;;;;;;x
PROV756;Tsaritsyn;Tsaritsyn;Tsaritsyn;;;;;;;;;x
PROV757;Ekaterinodar;Ekaterinodar;Ekaterinodar;;;;;;;;;x
PROV758;Novorossiysk;Novorossiysk;Novorossiysk;;;;;;;;;x
PROV759;Stavropol;Stavropol;Stavropol;;;;;;;;;x
PROV760;Adygei;Adygei;Adygei;;;;;;;;;x
PROV761;Pyatigorsk;Pyatigorsk;Pyatigorsk;;;;;;;;;x
PROV762;Derbent;Derbent;Derbent;;;;;;;;;x
PROV763;Gunib;Gunib;Gunib;;;;;;;;;x
PROV764;Vladikavkaz;Vladikavkaz;Vladikavkaz;;;;;;;;;x
PROV765;Chechnya;Chechnya;Chechnya;;;;;;;;;x
PROV766;Kizylyar;Kizylyar;Kizylyar;;;;;;;;;x
PROV767;Orsk;Orsk;Orsk;;;;;;;;;x
PROV768;Orenburg;Orenburg;Orenburg;;;;;;;;;x
PROV769;Ufa;Ufa;Ufa;;;;;;;;;x
PROV770;Samara;Samara;Samara;;;;;;;;;x
PROV771;Busuluk;Busuluk;Busuluk;;;;;;;;;x
PROV772;Syzran;Syzran;Syzran;;;;;;;;;x
PROV773;Omsk;Omsk;Omsk;;;;;;;;;x
PROV774;Bakchar;Bakchar;Bakchar;;;;;;;;;x
PROV775;Ishim;Ishim;Ishim;;;;;;;;;x
PROV776;Tobolsk;Tobolsk;Tobolsk;;;;;;;;;x
PROV777;Bryanka;Bryanka;Bryanka;;;;;;;;;x
PROV778;Vorgovo;Vorgovo;Vorgovo;;;;;;;;;x
PROV779;Ases Igan;Ases Igan;Ases Igan;;;;;;;;;x
PROV780;Kikkiakki;Kikkiakki;Kikkiakki;;;;;;;;;x
PROV781;Kostino;Kostino;Kostino;;;;;;;;;x
PROV782;Shoyna;Shoyna;Shoyna;;;;;;;;;x
PROV783;Mezen;Mezen;Mezen;;;;;;;;;x
PROV784;Naryn Mar;Naryn Mar;Naryn Mar;;;;;;;;;x
PROV785;Izhma;Izhma;Izhma;;;;;;;;;x
PROV786;Inta;Inta;Inta;;;;;;;;;x
PROV787;Amderma;Amderma;Amderma;;;;;;;;;x
PROV788;Kyzyl;Kyzyl;Kyzyl;;;;;;;;;x
PROV789;Krasnoyarsk;Krasnoyarsk;Krasnoyarsk;;;;;;;;;x
PROV790;Ulala;Ulala;Ulala;;;;;;;;;x
PROV791;Barnaul;Barnaul;Barnaul;;;;;;;;;x
PROV792;Tomsk;Tomsk;Tomsk;;;;;;;;;x
PROV793;Slavgorod;Slavgorod;Slavgorod;;;;;;;;;x
PROV794;Nizhnevartovsk;Nizhnevartovsk;Nizhnevartovsk;;;;;;;;;x
PROV795;Nyda;Nyda;Nyda;;;;;;;;;x
PROV796;Mordiyakha;Mordiyakha;Mordiyakha;;;;;;;;;x
PROV797;Napalkovo;Napalkovo;Napalkovo;;;;;;;;;x
PROV798;Aksarka;Aksarka;Aksarka;;;;;;;;;x
PROV799;Yar Sale;Yar Sale;Yar Sale;;;;;;;;;x
PROV800;Verkhniy Ufaley;Verkhniy Ufaley;Verkhniy Ufaley;;;;;;;;;x
PROV801;Aksarka;Aksarka;Aksarka;;;;;;;;;x
PROV802;Sidorovsk;Sidorovsk;Sidorovsk;;;;;;;;;x
PROV803;Svetlogorsk;Svetlogorsk;Svetlogorsk;;;;;;;;;x
PROV804;Kheta;Kheta;Kheta;;;;;;;;;x
PROV805;Dudinka;Dudinka;Dudinka;;;;;;;;;x
PROV806;Kotuj;Kotuj;Kotuj;;;;;;;;;x
PROV807;Ahal;Ahal;Ahal;;;;;;;;;x
PROV808;Dasoguz;Dasoguz;Dasoguz;;;;;;;;;x
PROV809;Balkan;Balkan;Balkan;;;;;;;;;x
PROV810;Merv;Merv;Merv;;;;;;;;;x
PROV811;Dushanbe;Dushanbe;Dushanbe;;;;;;;;;x
PROV812;Badakhshon;Badakhshon;Badakhshon;;;;;;;;;x
PROV813;Sughd;Sughd;Sughd;;;;;;;;;x
PROV814;Sevastopol;Sevastopol;Sevastopol;;;;;;;;;x
PROV815;Simferopol;Simferopol;Simferopol;;;;;;;;;x
PROV816;Kerch;Kerch;Kerch;;;;;;;;;x
PROV817;Tashkent;Tashkent;Tashkent;;;;;;;;;x
PROV818;Khiva;Khiva;Khiva;;;;;;;;;x
PROV819;Nukus;Nukus;Nukus;;;;;;;;;x
PROV820;Bukhara;Bukhara;Bukhara;;;;;;;;;x
PROV821;Samarkand;Samarkand;Samarkand;;;;;;;;;x
PROV822;Qarshi;Qarshi;Qarshi;;;;;;;;;x
PROV823;Bishkek;Bishkek;Bishkek;;;;;;;;;x
PROV824;Naryn;Naryn;Naryn;;;;;;;;;x
PROV825;Kokand;Kokand;Kokand;;;;;;;;;x
PROV826;Osh;Osh;Osh;;;;;;;;;x
PROV827;Riyadh;Riyadh;Riyadh;;;;;;;;;x
PROV828;Hufuf;Hufuf;Hufuf;;;;;;;;;x
PROV829;Sharurah;Sharurah;Sharurah;;;;;;;;;x
PROV830;Al-Ahsa;Al-Ahsa;Al-Ahsa;;;;;;;;;x
PROV831;Halaban;Halaban;Halaban;;;;;;;;;x
PROV832;Mecca;Mecca;Mecca;;;;;;;;;x
PROV833;Jidda;Jidda;Jidda;;;;;;;;;x
PROV834;Medina;Medina;Medina;;;;;;;;;x
PROV835;Tabuk;Tabuk;Tabuk;;;;;;;;;x
PROV836;Abha;Abha;Abha;;;;;;;;;x
PROV837;Kaf;Kaf;Kaf;;;;;;;;;x
PROV838;Rafha;Rafha;Rafha;;;;;;;;;x
PROV839;Hail;Hail;Hail;;;;;;;;;x
PROV840;Qatif;Qatif;Qatif;;;;;;;;;x
PROV841;Sjælland;Sjælland;Sjælland;;;;;;;;;x
PROV842;Fyn;Fyn;Fyn;;;;;;;;;x
PROV843;Bornholm;Bornholm;Bornholm;;;;;;;;;x
PROV844;Føroyar;Føroyar;Føroyar;;;;;;;;;x
PROV845;Aalborg;Aalborg;Aalborg;;;;;;;;;x
PROV846;Aarhus;Aarhus;Aarhus;;;;;;;;;x
PROV847;Ribe;Ribe;Ribe;;;;;;;;;x
PROV848;Esbjerg;Esbjerg;Esbjerg;;;;;;;;;x
PROV849;Helsinki;Helsinki;Helsinki;;;;;;;;;x
PROV850;Kotka;Kotka;Kotka;;;;;;;;;x
PROV851;Hämeenlinna;Hämeenlinna;Hämeenlinna;;;;;;;;;x
PROV852;Mikkeli;Mikkeli;Mikkeli;;;;;;;;;x
PROV853;Turku;Turku;Turku;;;;;;;;;x
PROV854;Vaasa;Vaasa;Vaasa;;;;;;;;;x
PROV855;Tampere;Tampere;Tampere;;;;;;;;;x
PROV856;Åland;Åland;Åland;;;;;;;;;x
PROV857;Oulu;Oulu;Oulu;;;;;;;;;x
PROV858;Kajaani;Kajaani;Kajaani;;;;;;;;;x
PROV859;Tornio;Tornio;Tornio;;;;;;;;;x
PROV860;Kuopio;Kuopio;Kuopio;;;;;;;;;x
PROV861;Iceland;Iceland;Iceland;;;;;;;;;x
PROV862;Oslo;Oslo;Oslo;;;;;;;;;x
PROV863;Fredrikstad;Fredrikstad;Fredrikstad;;;;;;;;;x
PROV864;Hamar;Hamar;Hamar;;;;;;;;;x
PROV865;Lillehammer;Lillehammer;Lillehammer;;;;;;;;;x
PROV866;Alesund;Alesund;Alesund;;;;;;;;;x
PROV867;Trondheim;Trondheim;Trondheim;;;;;;;;;x
PROV868;Bodø;Bodø;Bodø;;;;;;;;;x
PROV869;Hammerfest;Hammerfest;Hammerfest;;;;;;;;;x
PROV870;Jan Mayen;Jan Mayen;Jan Mayen;;;;;;;;;x
PROV871;Bergen;Bergen;Bergen;;;;;;;;;x
PROV872;Skien;Skien;Skien;;;;;;;;;x
PROV873;Kristiansand;Kristiansand;Kristiansand;;;;;;;;;x
PROV874;Drammen;Drammen;Drammen;;;;;;;;;x
PROV875;Stockholm;Stockholm;Stockholm;;;;;;;;;x
PROV876;Uppsala;Uppsala;Uppsala;;;;;;;;;x
PROV877;Falun;Falun;Falun;;;;;;;;;x
PROV878;Västerås;Västerås;Västerås;;;;;;;;;x
PROV879;Östergötland;Östergötland;Östergötland;;;;;;;;;x
PROV880;Örebro;Örebro;Örebro;;;;;;;;;x
PROV881;Karlstad;Karlstad;Karlstad;;;;;;;;;x
PROV882;Sundsvall;Sundsvall;Sundsvall;;;;;;;;;x
PROV883;Gävle;Gävle;Gävle;;;;;;;;;x
PROV884;Östersund;Östersund;Östersund;;;;;;;;;x
PROV885;Umeå;Umeå;Umeå;;;;;;;;;x
PROV886;Luleå;Luleå;Luleå;;;;;;;;;x
PROV887;Göteborg;Göteborg;Göteborg;;;;;;;;;x
PROV888;Västergötland;Västergötland;Västergötland;;;;;;;;;x
PROV889;Kalmar;Kalmar;Kalmar;;;;;;;;;x
PROV890;Gotland;Gotland;Gotland;;;;;;;;;x
PROV891;Växjö;Växjö;Växjö;;;;;;;;;x
PROV892;Skåne;Skåne;Skåne;;;;;;;;;x
PROV893;Blekinge;Blekinge;Blekinge;;;;;;;;;x
PROV894;Madrid;Madrid;Madrid;;;;;;;;;x
PROV895;Siguenza;Siguenza;Siguenza;;;;;;;;;x
PROV896;Toledo;Toledo;Toledo;;;;;;;;;x
PROV897;Cuenca;Cuenca;Cuenca;;;;;;;;;x
PROV898;Ciudad Real;Ciudad Real;Ciudad Real;;;;;;;;;x
PROV899;Albacete;Albacete;Albacete;;;;;;;;;x
PROV900;Asturias;Asturias;Asturias;;;;;;;;;x
PROV901;Canarias;Canarias;Canarias;;;;;;;;;x
PROV902;Cantabria;Cantabria;Cantabria;;;;;;;;;x
PROV903;León;León;León;;;;;;;;;x
PROV904;Burgos;Burgos;Burgos;;;;;;;;;x
PROV905;Valladolid;Valladolid;Valladolid;;;;;;;;;x
PROV906;Soria;Soria;Soria;;;;;;;;;x
PROV907;Salamanca;Salamanca;Salamanca;;;;;;;;;x
PROV908;Avila;Avila;Avila;;;;;;;;;x
PROV909;Badajoz;Badajoz;Badajoz;;;;;;;;;x
PROV910;Almendralejo;Almendralejo;Almendralejo;;;;;;;;;x
PROV911;Caceres;Caceres;Caceres;;;;;;;;;x
PROV912;A Coruña;A Coruña;A Coruña;;;;;;;;;x
PROV913;Vigo;Vigo;Vigo;;;;;;;;;x
PROV914;Murcia;Murcia;Murcia;;;;;;;;;x
PROV915;Cartagena;Cartagena;Cartagena;;;;;;;;;x
PROV916;Islas Canarias;Islas Canarias;Islas Canarias;;;;;;;;;x
PROV917;Bilbao;Bilbao;Bilbao;;;;;;;;;x
PROV918;Pamplona;Pamplona;Pamplona;;;;;;;;;x
PROV919;La Rioja;La Rioja;La Rioja;;;;;;;;;x
PROV920;Sevilla;Sevilla;Sevilla;;;;;;;;;x
PROV921;Cordoba;Cordoba;Cordoba;;;;;;;;;x
PROV922;Cadiz;Cadiz;Cadiz;;;;;;;;;x
PROV923;Gibraltar;Gibraltar;Gibraltar;;;;;;;;;x
PROV924;Huelva;Huelva;Huelva;;;;;;;;;x
PROV925;Granada;Granada;Granada;;;;;;;;;x
PROV926;Malaga;Malaga;Malaga;;;;;;;;;x
PROV927;Almeria;Almeria;Almeria;;;;;;;;;x
PROV928;Jaen;Jaen;Jaen;;;;;;;;;x
PROV929;Barcelona;Barcelona;Barcelona;;;;;;;;;x
PROV930;Girona;Girona;Girona;;;;;;;;;x
PROV931;Lleida;Lleida;Lleida;;;;;;;;;x
PROV932;Tarragona;Tarragona;Tarragona;;;;;;;;;x
PROV933;Islas Baleares;Islas Baleares;Islas Baleares;;;;;;;;;x
PROV934;Valencia;Valencia;Valencia;;;;;;;;;x
PROV935;Castellon;Castellon;Castellon;;;;;;;;;x
PROV936;Alicante;Alicante;Alicante;;;;;;;;;x
PROV937;Zaragoza;Zaragoza;Zaragoza;;;;;;;;;x
PROV938;Huesca;Huesca;Huesca;;;;;;;;;x
PROV939;Teruel;Teruel;Teruel;;;;;;;;;x
PROV940;Khartoum;Khartoum;Khartoum;;;;;;;;;x
PROV941;Kassala;Kassala;Kassala;;;;;;;;;x
PROV942;Wad Madani;Wad Madani;Wad Madani;;;;;;;;;x
PROV943;Sennar;Sennar;Sennar;;;;;;;;;x
PROV944;Rabak;Rabak;Rabak;;;;;;;;;x
PROV945;Halaib;Halaib;Halaib;;;;;;;;;x
PROV946;Hayya;Hayya;Hayya;;;;;;;;;x
PROV947;Suakin;Suakin;Suakin;;;;;;;;;x
PROV948;Dongola;Dongola;Dongola;;;;;;;;;x
PROV949;Atbara;Atbara;Atbara;;;;;;;;;x
PROV950;Salima;Salima;Salima;;;;;;;;;x
PROV951;Nuhud;Nuhud;Nuhud;;;;;;;;;x
PROV952;Obeid;Obeid;Obeid;;;;;;;;;x
PROV953;Kaduqli;Kaduqli;Kaduqli;;;;;;;;;x
PROV954;Junaynah;Junaynah;Junaynah;;;;;;;;;x
PROV955;Fasher;Fasher;Fasher;;;;;;;;;x
PROV956;Fashoda;Fashoda;Fashoda;;;;;;;;;x
PROV957;Waw;Waw;Waw;;;;;;;;;x
PROV958;Bor;Bor;Bor;;;;;;;;;x
PROV959;Yambio;Yambio;Yambio;;;;;;;;;x
PROV960;Lado;Lado;Lado;;;;;;;;;x
PROV961;Kapoeta;Kapoeta;Kapoeta;;;;;;;;;x
PROV962;Damascus;Damascus;Damascus;;;;;;;;;x
PROV963;Golan Heights;Golan Heights;Golan Heights;;;;;;;;;x
PROV964;Daraa;Daraa;Daraa;;;;;;;;;x
PROV965;Homs;Homs;Homs;;;;;;;;;x
PROV966;Al-Suwayda;Al-Suwayda;Al-Suwayda;;;;;;;;;x
PROV967;Aleppo;Aleppo;Aleppo;;;;;;;;;x
PROV968;Hama;Hama;Hama;;;;;;;;;x
PROV969;Latakia;Latakia;Latakia;;;;;;;;;x
PROV970;Idlib;Idlib;Idlib;;;;;;;;;x
PROV971;Tartus;Tartus;Tartus;;;;;;;;;x
PROV972;Deir ez-Zor;Deir ez-Zor;Deir ez-Zor;;;;;;;;;x
PROV973;Al-Hasakah;Al-Hasakah;Al-Hasakah;;;;;;;;;x
PROV974;Al-Raqqah;Al-Raqqah;Al-Raqqah;;;;;;;;;x
PROV975;Beirut;Beirut;Beirut;;;;;;;;;x
PROV976;Mount Libanon;Mount Libanon;Mount Libanon;;;;;;;;;x
PROV977;Sidon;Sidon;Sidon;;;;;;;;;x
PROV978;Beqaa;Beqaa;Beqaa;;;;;;;;;x
PROV979;Tarabulus;Tarabulus;Tarabulus;;;;;;;;;x
PROV980;Lome;Lome;Lome;;;;;;;;;x
PROV981;Ho;Ho;Ho;;;;;;;;;x
PROV982;Yendi;Yendi;Yendi;;;;;;;;;x
PROV983;Atakpame;Atakpame;Atakpame;;;;;;;;;x
PROV984;Sokode;Sokode;Sokode;;;;;;;;;x
PROV985;Tunis;Tunis;Tunis;;;;;;;;;x
PROV986;Bizerte;Bizerte;Bizerte;;;;;;;;;x
PROV987;Gafsa;Gafsa;Gafsa;;;;;;;;;x
PROV988;Kairouan;Kairouan;Kairouan;;;;;;;;;x
PROV989;Tozeur;Tozeur;Tozeur;;;;;;;;;x
PROV990;Gabes;Gabes;Gabes;;;;;;;;;x
PROV991;Constantinople;Constantinople;Constantinople;;;;;;;;;x
PROV992;Edirne;Edirne;Edirne;;;;;;;;;x
PROV993;Kirklareli;Kirklareli;Kirklareli;;;;;;;;;x
PROV994;Gallipoli;Gallipoli;Gallipoli;;;;;;;;;x
PROV995;Üsküdar;Üsküdar;Üsküdar;;;;;;;;;x
PROV996;Bursa;Bursa;Bursa;;;;;;;;;x
PROV997;Izmit;Izmit;Izmit;;;;;;;;;x
PROV998;Afyon;Afyon;Afyon;;;;;;;;;x
PROV999;Kütahya;Kütahya;Kütahya;;;;;;;;;x
PROV1000;Eskishehir;Eskishehir;Eskishehir;;;;;;;;;x
PROV1001;Izmir;Izmir;Izmir;;;;;;;;;x
PROV1002;Balikesir;Balikesir;Balikesir;;;;;;;;;x
PROV1003;Canakkale;Canakkale;Canakkale;;;;;;;;;x
PROV1004;Manisa;Manisa;Manisa;;;;;;;;;x
PROV1005;Mugla;Mugla;Mugla;;;;;;;;;x
PROV1006;Denizli;Denizli;Denizli;;;;;;;;;x
PROV1007;Konya;Konya;Konya;;;;;;;;;x
PROV1008;Burdur;Burdur;Burdur;;;;;;;;;x
PROV1009;Antalya;Antalya;Antalya;;;;;;;;;x
PROV1010;Mersin;Mersin;Mersin;;;;;;;;;x
PROV1011;Ankara;Ankara;Ankara;;;;;;;;;x
PROV1012;Amasya;Amasya;Amasya;;;;;;;;;x
PROV1013;Kayseri;Kayseri;Kayseri;;;;;;;;;x
PROV1014;Adana;Adana;Adana;;;;;;;;;x
PROV1015;Marash;Marash;Marash;;;;;;;;;x
PROV1016;Antep;Antep;Antep;;;;;;;;;x
PROV1017;Antioch;Antioch;Antioch;;;;;;;;;x
PROV1018;Bolu;Bolu;Bolu;;;;;;;;;x
PROV1019;Kastamonu;Kastamonu;Kastamonu;;;;;;;;;x
PROV1020;Sinop;Sinop;Sinop;;;;;;;;;x
PROV1021;Giresun;Giresun;Giresun;;;;;;;;;x
PROV1022;Sivas;Sivas;Sivas;;;;;;;;;x
PROV1023;Erzincan;Erzincan;Erzincan;;;;;;;;;x
PROV1024;Trabzon;Trabzon;Trabzon;;;;;;;;;x
PROV1025;Erzurum;Erzurum;Erzurum;;;;;;;;;x
PROV1026;Kars;Kars;Kars;;;;;;;;;x
PROV1027;Ardahan;Ardahan;Ardahan;;;;;;;;;x
PROV1028;Batum;Batum;Batum;;;;;;;;;x
PROV1029;Van;Van;Van;;;;;;;;;x
PROV1030;Bitlis;Bitlis;Bitlis;;;;;;;;;x
PROV1031;Hakkari;Hakkari;Hakkari;;;;;;;;;x
PROV1032;Diyarbakir;Diyarbakir;Diyarbakir;;;;;;;;;x
PROV1033;Urfa;Urfa;Urfa;;;;;;;;;x
PROV1034;Malatya;Malatya;Malatya;;;;;;;;;x
PROV1035;Beograd;Beograd;Beograd;;;;;;;;;x
PROV1036;Bor;Bor;Bor;;;;;;;;;x
PROV1037;Kragujevac;Kragujevac;Kragujevac;;;;;;;;;x
PROV1038;Užice;Užice;Užice;;;;;;;;;x
PROV1039;Niš;Niš;Niš;;;;;;;;;x
PROV1040;Novi Pazar;Novi Pazar;Novi Pazar;;;;;;;;;x
PROV1041;Leskovac;Leskovac;Leskovac;;;;;;;;;x
PROV1042;Novi Sad;Novi Sad;Novi Sad;;;;;;;;;x
PROV1043;Mitrovica;Mitrovica;Mitrovica;;;;;;;;;x
PROV1044;Pancevo;Pancevo;Pancevo;;;;;;;;;x
PROV1045;Prishtinë;Prishtinë;Prishtinë;;;;;;;;;x
PROV1046;Prizren;Prizren;Prizren;;;;;;;;;x
PROV1047;Skopje;Skopje;Skopje;;;;;;;;;x
PROV1048;Bitola;Bitola;Bitola;;;;;;;;;x
PROV1049;Sarajevo;Sarajevo;Sarajevo;;;;;;;;;x
PROV1050;Bihac;Bihac;Bihac;;;;;;;;;x
PROV1051;Banja Luka;Banja Luka;Banja Luka;;;;;;;;;x
PROV1052;Tuzla;Tuzla;Tuzla;;;;;;;;;x
PROV1053;Foca;Foca;Foca;;;;;;;;;x
PROV1054;Livno;Livno;Livno;;;;;;;;;x
PROV1055;Hercegovina;Hercegovina;Hercegovina;;;;;;;;;x
PROV1056;Zagreb;Zagreb;Zagreb;;;;;;;;;x
PROV1057;Sisak;Sisak;Sisak;;;;;;;;;x
PROV1058;Karlovac;Karlovac;Karlovac;;;;;;;;;x
PROV1059;Senj;Senj;Senj;;;;;;;;;x
PROV1060;Varaždin;Varaždin;Varaždin;;;;;;;;;x
PROV1061;Fiume;Fiume;Fiume;;;;;;;;;x
PROV1062;Pola;Pola;Pola;;;;;;;;;x
PROV1063;Bjelovar;Bjelovar;Bjelovar;;;;;;;;;x
PROV1064;Požega;Požega;Požega;;;;;;;;;x
PROV1065;Osijek;Osijek;Osijek;;;;;;;;;x
PROV1066;Vukovar;Vukovar;Vukovar;;;;;;;;;x
PROV1067;Split;Split;Split;;;;;;;;;x
PROV1068;Zadar;Zadar;Zadar;;;;;;;;;x
PROV1069;Dubrovnik;Dubrovnik;Dubrovnik;;;;;;;;;x
PROV1070;Ulcinj;Ulcinj;Ulcinj;;;;;;;;;x
PROV1071;Nikšic;Nikšic;Nikšic;;;;;;;;;x
PROV1072;Pljevlja;Pljevlja;Pljevlja;;;;;;;;;x
PROV1073;Kotor;Kotor;Kotor;;;;;;;;;x
PROV1074;Cetinje;Cetinje;Cetinje;;;;;;;;;x
PROV1075;Ljubljana;Ljubljana;Ljubljana;;;;;;;;;x
PROV1076;Štajerska;Štajerska;Štajerska;;;;;;;;;x
PROV1077;Postojna;Postojna;Postojna;;;;;;;;;x
PROV1078;Trieste;Trieste;Trieste;;;;;;;;;x
PROV1079;Gorizia;Gorizia;Gorizia;;;;;;;;;x
PROV1080;Kabul;Kabul;Kabul;;;;;;;;;x
PROV1081;Ghazni;Ghazni;Ghazni;;;;;;;;;x
PROV1082;Jalalabad;Jalalabad;Jalalabad;;;;;;;;;x
PROV1083;Faizabad;Faizabad;Faizabad;;;;;;;;;x
PROV1084;Farrah;Farrah;Farrah;;;;;;;;;x
PROV1085;Kandahar;Kandahar;Kandahar;;;;;;;;;x
PROV1086;Bamyan;Bamyan;Bamyan;;;;;;;;;x
PROV1087;Herat;Herat;Herat;;;;;;;;;x
PROV1088;Balkh;Balkh;Balkh;;;;;;;;;x
PROV1089;Tirana;Tirana;Tirana;;;;;;;;;x
PROV1090;Shkodër;Shkodër;Shkodër;;;;;;;;;x
PROV1091;Durrës;Durrës;Durrës;;;;;;;;;x
PROV1092;Vlorë;Vlorë;Vlorë;;;;;;;;;x
PROV1093;Gjirokastër;Gjirokastër;Gjirokastër;;;;;;;;;x
PROV1094;Sofia;Sofia;Sofia;;;;;;;;;x
PROV1095;Pernik;Pernik;Pernik;;;;;;;;;x
PROV1096;Plovdiv;Plovdiv;Plovdiv;;;;;;;;;x
PROV1097;Stara Zagora;Stara Zagora;Stara Zagora;;;;;;;;;x
PROV1098;Burgas;Burgas;Burgas;;;;;;;;;x
PROV1099;Vidin;Vidin;Vidin;;;;;;;;;x
PROV1100;Flevoland;Flevoland;Flevoland;;;;;;;;;x
PROV1101;Pleven;Pleven;Pleven;;;;;;;;;x
PROV1102;Ruse;Ruse;Ruse;;;;;;;;;x
PROV1103;Varna;Varna;Varna;;;;;;;;;x
PROV1104;Dobrudzha;Dobrudzha;Dobrudzha;;;;;;;;;x
PROV1105;Wogodogo;Wogodogo;Wogodogo;;;;;;;;;x
PROV1106;Wahiguya;Wahiguya;Wahiguya;;;;;;;;;x
PROV1107;Dori;Dori;Dori;;;;;;;;;x
PROV1108;Fada Ngourma;Fada Ngourma;Fada Ngourma;;;;;;;;;x
PROV1109;Bobo Dioulasso;Bobo Dioulasso;Bobo Dioulasso;;;;;;;;;x
PROV1110;Orodaro;Orodaro;Orodaro;;;;;;;;;x
PROV1111;Douala;Douala;Douala;;;;;;;;;x
PROV1112;Buea;Buea;Buea;;;;;;;;;x
PROV1113;Kribi;Kribi;Kribi;;;;;;;;;x
PROV1114;Yaounde;Yaounde;Yaounde;;;;;;;;;x
PROV1115;Bertoua;Bertoua;Bertoua;;;;;;;;;x
PROV1116;Fernando Pó;Fernando Pó;Fernando Pó;;;;;;;;;x
PROV1117;Bafoussam;Bafoussam;Bafoussam;;;;;;;;;x
PROV1118;Bamenda;Bamenda;Bamenda;;;;;;;;;x
PROV1119;Ngaoundere;Ngaoundere;Ngaoundere;;;;;;;;;x
PROV1120;Maroua;Maroua;Maroua;;;;;;;;;x
PROV1121;Bangui;Bangui;Bangui;;;;;;;;;x
PROV1122;Nola;Nola;Nola;;;;;;;;;x
PROV1123;Bouar;Bouar;Bouar;;;;;;;;;x
PROV1124;Bossangoa;Bossangoa;Bossangoa;;;;;;;;;x
PROV1125;Zemio;Zemio;Zemio;;;;;;;;;x
PROV1126;Bangassou;Bangassou;Bangassou;;;;;;;;;x
PROV1127;Ndele;Ndele;Ndele;;;;;;;;;x
PROV1128;Massenya;Massenya;Massenya;;;;;;;;;x
PROV1129;Moundou;Moundou;Moundou;;;;;;;;;x
PROV1130;Bongor;Bongor;Bongor;;;;;;;;;x
PROV1131;Am Timan;Am Timan;Am Timan;;;;;;;;;x
PROV1132;Mongo;Mongo;Mongo;;;;;;;;;x
PROV1133;Abeche;Abeche;Abeche;;;;;;;;;x
PROV1134;Mao;Mao;Mao;;;;;;;;;x
PROV1135;Faya;Faya;Faya;;;;;;;;;x
PROV1136;Zouar;Zouar;Zouar;;;;;;;;;x
PROV1137;Cairo;Cairo;Cairo;;;;;;;;;x
PROV1138;Giza;Giza;Giza;;;;;;;;;x
PROV1139;Tanta;Tanta;Tanta;;;;;;;;;x
PROV1140;Alexandria;Alexandria;Alexandria;;;;;;;;;x
PROV1141;Farafra;Farafra;Farafra;;;;;;;;;x
PROV1142;Baris;Baris;Baris;;;;;;;;;x
PROV1143;Mut;Mut;Mut;;;;;;;;;x
PROV1144;Aswan;Aswan;Aswan;;;;;;;;;x
PROV1145;Asyut;Asyut;Asyut;;;;;;;;;x
PROV1146;Suhaj;Suhaj;Suhaj;;;;;;;;;x
PROV1147;Minya;Minya;Minya;;;;;;;;;x
PROV1148;Ras Gharib;Ras Gharib;Ras Gharib;;;;;;;;;x
PROV1149;Fayyum;Fayyum;Fayyum;;;;;;;;;x
PROV1150;Bani Suwayf;Bani Suwayf;Bani Suwayf;;;;;;;;;x
PROV1151;Marsa Alam;Marsa Alam;Marsa Alam;;;;;;;;;x
PROV1152;Idfu;Idfu;Idfu;;;;;;;;;x
PROV1153;Qusayr;Qusayr;Qusayr;;;;;;;;;x
PROV1154;Qina;Qina;Qina;;;;;;;;;x
PROV1155;Luxor;Luxor;Luxor;;;;;;;;;x
PROV1156;Sidi Barrani;Sidi Barrani;Sidi Barrani;;;;;;;;;x
PROV1157;Siwa;Siwa;Siwa;;;;;;;;;x
PROV1158;Matruh;Matruh;Matruh;;;;;;;;;x
PROV1159;Bawiti;Bawiti;Bawiti;;;;;;;;;x
PROV1160;Dumyat;Dumyat;Dumyat;;;;;;;;;x
PROV1161;Mansura;Mansura;Mansura;;;;;;;;;x
PROV1162;Ziqaziq;Ziqaziq;Ziqaziq;;;;;;;;;x
PROV1163;Al Arish;Al Arish;Al Arish;;;;;;;;;x
PROV1164;Sharm al-Shaykh;Sharm al-Shaykh;Sharm al-Shaykh;;;;;;;;;x
PROV1165;Suez;Suez;Suez;;;;;;;;;x
PROV1166;Dakar;Dakar;Dakar;;;;;;;;;x
PROV1167;Diourbel;Diourbel;Diourbel;;;;;;;;;x
PROV1168;Mboul;Mboul;Mboul;;;;;;;;;x
PROV1169;Saint-Louis;Saint-Louis;Saint-Louis;;;;;;;;;x
PROV1170;Linguere;Linguere;Linguere;;;;;;;;;x
PROV1171;Podor;Podor;Podor;;;;;;;;;x
PROV1172;Matam;Matam;Matam;;;;;;;;;x
PROV1173;Kaolack;Kaolack;Kaolack;;;;;;;;;x
PROV1174;Bakel;Bakel;Bakel;;;;;;;;;x
PROV1175;Ziguinchor;Ziguinchor;Ziguinchor;;;;;;;;;x
PROV1176;Velingara;Velingara;Velingara;;;;;;;;;x
PROV1177;Bissau;Bissau;Bissau;;;;;;;;;x
PROV1178;Gabu;Gabu;Gabu;;;;;;;;;x
PROV1179;Banjul;Banjul;Banjul;;;;;;;;;x
PROV1180;Bagdad;Bagdad;Bagdad;;;;;;;;;x
PROV1181;Ar Rutba;Ar Rutba;Ar Rutba;;;;;;;;;x
PROV1182;Samarra;Samarra;Samarra;;;;;;;;;x
PROV1183;Karbala;Karbala;Karbala;;;;;;;;;x
PROV1184;Najaf;Najaf;Najaf;;;;;;;;;x
PROV1185;Kuwait;Kuwait;Kuwait;;;;;;;;;x
PROV1186;al-Basra;al-Basra;al-Basra;;;;;;;;;x
PROV1187;Nasiriyya;Nasiriyya;Nasiriyya;;;;;;;;;x
PROV1188;Kut;Kut;Kut;;;;;;;;;x
PROV1189;al-Mawsil;al-Mawsil;al-Mawsil;;;;;;;;;x
PROV1190;Arbil;Arbil;Arbil;;;;;;;;;x
PROV1191;Karkuk;Karkuk;Karkuk;;;;;;;;;x
PROV1192;Mendeli;Mendeli;Mendeli;;;;;;;;;x
PROV1193;Jerusalem;Jerusalem;Jerusalem;;;;;;;;;x
PROV1194;Tel Aviv;Tel Aviv;Tel Aviv;;;;;;;;;x
PROV1195;Haifa;Haifa;Haifa;;;;;;;;;x
PROV1196;Beersheba;Beersheba;Beersheba;;;;;;;;;x
PROV1197;Galilee;Galilee;Galilee;;;;;;;;;x
PROV1198;Gaza;Gaza;Gaza;;;;;;;;;x
PROV1199;Ramallah;Ramallah;Ramallah;;;;;;;;;x
PROV1200;Hebron;Hebron;Hebron;;;;;;;;;x
PROV1201;Grand Lahou;Grand Lahou;Grand Lahou;;;;;;;;;x
PROV1202;Grand Bassam;Grand Bassam;Grand Bassam;;;;;;;;;x
PROV1203;Akoupe;Akoupe;Akoupe;;;;;;;;;x
PROV1204;Kong;Kong;Kong;;;;;;;;;x
PROV1205;Bondouku;Bondouku;Bondouku;;;;;;;;;x
PROV1206;Sassandra;Sassandra;Sassandra;;;;;;;;;x
PROV1207;Bouake;Bouake;Bouake;;;;;;;;;x
PROV1208;Man;Man;Man;;;;;;;;;x
PROV1209;Odienne;Odienne;Odienne;;;;;;;;;x
PROV1210;Amman;Amman;Amman;;;;;;;;;x
PROV1211;Zarqa;Zarqa;Zarqa;;;;;;;;;x
PROV1212;Ma'an;Ma'an;Ma'an;;;;;;;;;x
PROV1213;Aqaba;Aqaba;Aqaba;;;;;;;;;x
PROV1214;Irbid;Irbid;Irbid;;;;;;;;;x
PROV1215;Ashkelon;Ashkelon;Ashkelon;;;;;;;;;x
PROV1216;Marsabit;Marsabit;Marsabit;;;;;;;;;x
PROV1217;Argyll;Argyll;Argyll;;;;;;;;;x
PROV1218;Wajir;Wajir;Wajir;;;;;;;;;x
PROV1220;Lodwar;Lodwar;Lodwar;;;;;;;;;x
PROV1223;Monrovia;Monrovia;Monrovia;;;;;;;;;x
PROV1224;Harper;Harper;Harper;;;;;;;;;x
PROV1225;Bopolu;Bopolu;Bopolu;;;;;;;;;x
PROV1226;Gbarnga;Gbarnga;Gbarnga;;;;;;;;;x
PROV1227;Zwedru;Zwedru;Zwedru;;;;;;;;;x
PROV1228;Tripoli;Tripoli;Tripoli;;;;;;;;;x
PROV1229;Ghat;Ghat;Ghat;;;;;;;;;x
PROV1230;Murzuk;Murzuk;Murzuk;;;;;;;;;x
PROV1231;Fezzan;Fezzan;Fezzan;;;;;;;;;x
PROV1232;Ghadamis;Ghadamis;Ghadamis;;;;;;;;;x
PROV1233;Gharyan;Gharyan;Gharyan;;;;;;;;;x
PROV1234;Kufra;Kufra;Kufra;;;;;;;;;x
PROV1235;Matan as Sarah;Matan as Sarah;Matan as Sarah;;;;;;;;;x
PROV1236;Jaghbub;Jaghbub;Jaghbub;;;;;;;;;x
PROV1237;Waddan;Waddan;Waddan;;;;;;;;;x
PROV1238;Tobruk;Tobruk;Tobruk;;;;;;;;;x
PROV1239;Darna;Darna;Darna;;;;;;;;;x
PROV1240;Benghazi;Benghazi;Benghazi;;;;;;;;;x
PROV1241;Sirt;Sirt;Sirt;;;;;;;;;x
PROV1242;Misratah;Misratah;Misratah;;;;;;;;;x
PROV1243;Bamako;Bamako;Bamako;;;;;;;;;x
PROV1244;Kayes;Kayes;Kayes;;;;;;;;;x
PROV1245;Nioro;Nioro;Nioro;;;;;;;;;x
PROV1246;Kita;Kita;Kita;;;;;;;;;x
PROV1247;Mourdiah;Mourdiah;Mourdiah;;;;;;;;;x
PROV1248;Bougouni;Bougouni;Bougouni;;;;;;;;;x
PROV1249;Sikasso;Sikasso;Sikasso;;;;;;;;;x
PROV1250;Segu;Segu;Segu;;;;;;;;;x
PROV1251;Jenne;Jenne;Jenne;;;;;;;;;x
PROV1252;Bandiagara;Bandiagara;Bandiagara;;;;;;;;;x
PROV1253;Timbuktu;Timbuktu;Timbuktu;;;;;;;;;x
PROV1254;Gao;Gao;Gao;;;;;;;;;x
PROV1255;Taoudenni;Taoudenni;Taoudenni;;;;;;;;;x
PROV1256;Tessalit;Tessalit;Tessalit;;;;;;;;;x
PROV1257;Araouane;Araouane;Araouane;;;;;;;;;x
PROV1258;Malta;Malta;Malta;;;;;;;;;x
PROV1259;Nouakchott;Nouakchott;Nouakchott;;;;;;;;;x
PROV1260;Rosso;Rosso;Rosso;;;;;;;;;x
PROV1261;Aleg;Aleg;Aleg;;;;;;;;;x
PROV1262;Maghama;Maghama;Maghama;;;;;;;;;x
PROV1263;Shingit;Shingit;Shingit;;;;;;;;;x
PROV1264;Tichit;Tichit;Tichit;;;;;;;;;x
PROV1265;Walata;Walata;Walata;;;;;;;;;x
PROV1266;Bir Murghayn;Bir Murghayn;Bir Murghayn;;;;;;;;;x
PROV1267;Niamey;Niamey;Niamey;;;;;;;;;x
PROV1268;Say;Say;Say;;;;;;;;;x
PROV1269;Dosso;Dosso;Dosso;;;;;;;;;x
PROV1270;Maradi;Maradi;Maradi;;;;;;;;;x
PROV1271;Zinder;Zinder;Zinder;;;;;;;;;x
PROV1272;Kufe;Kufe;Kufe;;;;;;;;;x
PROV1273;Agades;Agades;Agades;;;;;;;;;x
PROV1274;Arlit;Arlit;Arlit;;;;;;;;;x
PROV1275;Madama;Madama;Madama;;;;;;;;;x
PROV1276;Bilma;Bilma;Bilma;;;;;;;;;x
PROV1277;Masqat;Masqat;Masqat;;;;;;;;;x
PROV1278;Sohar;Sohar;Sohar;;;;;;;;;x
PROV1279;Nizwa;Nizwa;Nizwa;;;;;;;;;x
PROV1280;Sur;Sur;Sur;;;;;;;;;x
PROV1281;Duqm;Duqm;Duqm;;;;;;;;;x
PROV1282;Salalah;Salalah;Salalah;;;;;;;;;x
PROV1283;Karachi;Karachi;Karachi;;;;;;;;;x
PROV1284;Sukkur;Sukkur;Sukkur;;;;;;;;;x
PROV1285;Umarkot;Umarkot;Umarkot;;;;;;;;;x
PROV1286;Kalat;Kalat;Kalat;;;;;;;;;x
PROV1287;Dalbandin;Dalbandin;Dalbandin;;;;;;;;;x
PROV1288;Quetta;Quetta;Quetta;;;;;;;;;x
PROV1289;Bela;Bela;Bela;;;;;;;;;x
PROV1290;Peshawar;Peshawar;Peshawar;;;;;;;;;x
PROV1291;Chitral;Chitral;Chitral;;;;;;;;;x
PROV1292;Srinagar;Srinagar;Srinagar;;;;;;;;;x
PROV1293;Gilgit;Gilgit;Gilgit;;;;;;;;;x
PROV1294;Leh;Leh;Leh;;;;;;;;;x
PROV1295;Lahore;Lahore;Lahore;;;;;;;;;x
PROV1296;Multan;Multan;Multan;;;;;;;;;x
PROV1297;Sialkot;Sialkot;Sialkot;;;;;;;;;x
PROV1298;Bahawalpur;Bahawalpur;Bahawalpur;;;;;;;;;x
PROV1299;Attock;Attock;Attock;;;;;;;;;x
PROV1300;Shahpur;Shahpur;Shahpur;;;;;;;;;x
PROV1301;Bern;Bern;Bern;;;;;;;;;x
PROV1302;Basel;Basel;Basel;;;;;;;;;x
PROV1303;Genève;Genève;Genève;;;;;;;;;x
PROV1304;Neuchâtel;Neuchâtel;Neuchâtel;;;;;;;;;x
PROV1305;Sitten;Sitten;Sitten;;;;;;;;;x
PROV1306;Zürich;Zürich;Zürich;;;;;;;;;x
PROV1307;Luzern;Luzern;Luzern;;;;;;;;;x
PROV1308;Graubünden;Graubünden;Graubünden;;;;;;;;;x
PROV1309;Ticino;Ticino;Ticino;;;;;;;;;x
PROV1310;Freetown;Freetown;Freetown;;;;;;;;;x
PROV1311;Falaba;Falaba;Falaba;;;;;;;;;x
PROV1312;Bo;Bo;Bo;;;;;;;;;x
PROV1313;Muqdisho;Muqdisho;Muqdisho;;;;;;;;;x
PROV1314;Baydhabo;Baydhabo;Baydhabo;;;;;;;;;x
PROV1315;Kismaayo;Kismaayo;Kismaayo;;;;;;;;;x
PROV1316;Hobyaa;Hobyaa;Hobyaa;;;;;;;;;x
PROV1317;Boosaaso;Boosaaso;Boosaaso;;;;;;;;;x
PROV1318;Hargeysa;Hargeysa;Hargeysa;;;;;;;;;x
PROV1319;Saylac;Saylac;Saylac;;;;;;;;;x
PROV1320;Abu Dhabi;Abu Dhabi;Abu Dhabi;;;;;;;;;x
PROV1321;Dubai;Dubai;Dubai;;;;;;;;;x
PROV1322;Bahrain;Bahrain;Bahrain;;;;;;;;;x
PROV1323;Qatar;Qatar;Qatar;;;;;;;;;x
PROV1324;Entebbe;Entebbe;Entebbe;;;;;;;;;x
PROV1326;Masindi;Masindi;Masindi;;;;;;;;;x
PROV1327;Kitgum;Kitgum;Kitgum;;;;;;;;;x
PROV1328;Jinja;Jinja;Jinja;;;;;;;;;x
PROV1329;Mukalla;Mukalla;Mukalla;;;;;;;;;x
PROV1330;Ghayda;Ghayda;Ghayda;;;;;;;;;x
PROV1331;Bayda;Bayda;Bayda;;;;;;;;;x
PROV1332;Sana;Sana;Sana;;;;;;;;;x
PROV1333;Hodeida;Hodeida;Hodeida;;;;;;;;;x
PROV1334;Taizz;Taizz;Taizz;;;;;;;;;x
PROV1335;Aden;Aden;Aden;;;;;;;;;x
PROV1336;Socotra;Socotra;Socotra;;;;;;;;;x
PROV1338;Delhi;Delhi;Delhi;;;;;;;;;x
PROV1339;Panipat;Panipat;Panipat;;;;;;;;;x
PROV1340;Dehra Dun;Dehra Dun;Dehra Dun;;;;;;;;;x
PROV1341;Meerut;Meerut;Meerut;;;;;;;;;x
PROV1342;Agra;Agra;Agra;;;;;;;;;x
PROV1343;Cawnpore;Cawnpore;Cawnpore;;;;;;;;;x
PROV1344;Allahabad;Allahabad;Allahabad;;;;;;;;;x
PROV1345;Benares;Benares;Benares;;;;;;;;;x
PROV1346;Gorakhpur;Gorakhpur;Gorakhpur;;;;;;;;;x
PROV1347;Lucknow;Lucknow;Lucknow;;;;;;;;;x
PROV1348;Fyzabad;Fyzabad;Fyzabad;;;;;;;;;x
PROV1349;Patna;Patna;Patna;;;;;;;;;x
PROV1350;Gaya;Gaya;Gaya;;;;;;;;;x
PROV1351;Kharswari;Kharswari;Kharswari;;;;;;;;;x
PROV1352;Bhagalpur;Bhagalpur;Bhagalpur;;;;;;;;;x
PROV1353;Darjeeling;Darjeeling;Darjeeling;;;;;;;;;x
PROV1354;Gauhati;Gauhati;Gauhati;;;;;;;;;x
PROV1355;Imphal;Imphal;Imphal;;;;;;;;;x
PROV1356;Dibrugarh;Dibrugarh;Dibrugarh;;;;;;;;;x
PROV1357;Agartala;Agartala;Agartala;;;;;;;;;x
PROV1358;Cuttack;Cuttack;Cuttack;;;;;;;;;x
PROV1359;Keunjahr;Keunjahr;Keunjahr;;;;;;;;;x
PROV1360;Sambalpur;Sambalpur;Sambalpur;;;;;;;;;x
PROV1361;Ajmer;Ajmer;Ajmer;;;;;;;;;x
PROV1362;Jaisalmer;Jaisalmer;Jaisalmer;;;;;;;;;x
PROV1363;Jodhpur;Jodhpur;Jodhpur;;;;;;;;;x
PROV1364;Bikaner;Bikaner;Bikaner;;;;;;;;;x
PROV1365;Jaipur;Jaipur;Jaipur;;;;;;;;;x
PROV1366;Udaipur;Udaipur;Udaipur;;;;;;;;;x
PROV1367;Jubbulpore;Jubbulpore;Jubbulpore;;;;;;;;;x
PROV1368;Hoshangabad;Hoshangabad;Hoshangabad;;;;;;;;;x
PROV1369;Gwalior;Gwalior;Gwalior;;;;;;;;;x
PROV1370;Indore;Indore;Indore;;;;;;;;;x
PROV1371;Bhopal;Bhopal;Bhopal;;;;;;;;;x
PROV1372;Chhatarpur;Chhatarpur;Chhatarpur;;;;;;;;;x
PROV1373;Rewa;Rewa;Rewa;;;;;;;;;x
PROV1374;Ahmedabad;Ahmedabad;Ahmedabad;;;;;;;;;x
PROV1375;Surat;Surat;Surat;;;;;;;;;x
PROV1376;Patan;Patan;Patan;;;;;;;;;x
PROV1377;Baroda;Baroda;Baroda;;;;;;;;;x
PROV1378;Rajkot;Rajkot;Rajkot;;;;;;;;;x
PROV1379;Mandvi;Mandvi;Mandvi;;;;;;;;;x
PROV1380;Bombay;Bombay;Bombay;;;;;;;;;x
PROV1381;Nasik;Nasik;Nasik;;;;;;;;;x
PROV1382;Poona;Poona;Poona;;;;;;;;;x
PROV1383;Bijapur;Bijapur;Bijapur;;;;;;;;;x
PROV1384;Kolhapur;Kolhapur;Kolhapur;;;;;;;;;x
PROV1385;Belgaum;Belgaum;Belgaum;;;;;;;;;x
PROV1386;Goa;Goa;Goa;;;;;;;;;x
PROV1387;Madras;Madras;Madras;;;;;;;;;x
PROV1388;Tanjore;Tanjore;Tanjore;;;;;;;;;x
PROV1389;Madurai;Madurai;Madurai;;;;;;;;;x
PROV1390;Coimbatore;Coimbatore;Coimbatore;;;;;;;;;x
PROV1391;Pondicherry;Pondicherry;Pondicherry;;;;;;;;;x
PROV1392;Visakhapatnam;Visakhapatnam;Visakhapatnam;;;;;;;;;x
PROV1393;Masulipatnam;Masulipatnam;Masulipatnam;;;;;;;;;x
PROV1394;Nellore;Nellore;Nellore;;;;;;;;;x
PROV1395;Kurnool;Kurnool;Kurnool;;;;;;;;;x
PROV1396;Calicut;Calicut;Calicut;;;;;;;;;x
PROV1397;Cochin;Cochin;Cochin;;;;;;;;;x
PROV1398;Trivandrum;Trivandrum;Trivandrum;;;;;;;;;x
PROV1399;Hyderabad;Hyderabad;Hyderabad;;;;;;;;;x
PROV1400;Aurangabad;Aurangabad;Aurangabad;;;;;;;;;x
PROV1401;Nizamabad;Nizamabad;Nizamabad;;;;;;;;;x
PROV1402;Gulbarga;Gulbarga;Gulbarga;;;;;;;;;x
PROV1403;Warangal;Warangal;Warangal;;;;;;;;;x
PROV1404;Amarati;Amarati;Amarati;;;;;;;;;x
PROV1405;Mysore;Mysore;Mysore;;;;;;;;;x
PROV1406;Bangalore;Bangalore;Bangalore;;;;;;;;;x
PROV1407;Mangalore;Mangalore;Mangalore;;;;;;;;;x
PROV1408;Chitaldroog;Chitaldroog;Chitaldroog;;;;;;;;;x
PROV1409;Nagpur;Nagpur;Nagpur;;;;;;;;;x
PROV1410;Raipur;Raipur;Raipur;;;;;;;;;x
PROV1411;Bilaspur;Bilaspur;Bilaspur;;;;;;;;;x
PROV1412;Jagdalpur;Jagdalpur;Jagdalpur;;;;;;;;;x
PROV1413;Raigarh;Raigarh;Raigarh;;;;;;;;;x
PROV1414;Calcutta;Calcutta;Calcutta;;;;;;;;;x
PROV1415;Bardwan;Bardwan;Bardwan;;;;;;;;;x
PROV1416;Andaman Islands;Andaman Islands;Andaman Islands;;;;;;;;;x
PROV1417;Amritsar;Amritsar;Amritsar;;;;;;;;;x
PROV1418;Firozpur;Firozpur;Firozpur;;;;;;;;;x
PROV1419;Simla;Simla;Simla;;;;;;;;;x
PROV1420;Sikkim;Sikkim;Sikkim;;;;;;;;;x
PROV1421;Maldives;Maldives;Maldives;;;;;;;;;x
PROV1422;Colombo;Colombo;Colombo;;;;;;;;;x
PROV1423;Jaffna;Jaffna;Jaffna;;;;;;;;;x
PROV1424;Kandy;Kandy;Kandy;;;;;;;;;x
PROV1425;Trincomalee;Trincomalee;Trincomalee;;;;;;;;;x
PROV1427;Dacca;Dacca;Dacca;;;;;;;;;x
PROV1428;Jessore;Jessore;Jessore;;;;;;;;;x
PROV1429;Chittagong;Chittagong;Chittagong;;;;;;;;;x
PROV1430;Rajshahi;Rajshahi;Rajshahi;;;;;;;;;x
PROV1431;Jumla;Jumla;Jumla;;;;;;;;;x
PROV1432;Katmandu;Katmandu;Katmandu;;;;;;;;;x
PROV1433;Thimpu;Thimpu;Thimpu;;;;;;;;;x
PROV1434;Karachay-Cherkessia;Karachay-Cherkessia;Karachay-Cherkessia;;;;;;;;;x
PROV1435;Transnistria;Transnistria;Transnistria;;;;;;;;;x
PROV1436;Molise;Molise;Molise;;;;;;;;;x
PROV1437;Kiruna;Kiruna;Kiruna;;;;;;;;;x
PROV1438;Gulf of Finland;Gulf of Finland;Gulf of Finland;;;;;;;;;x
PROV1439;Western Baltic Sea;Western Baltic Sea;Western Baltic Sea;;;;;;;;;x
PROV1440;Gulf of Riga;Gulf of Riga;Gulf of Riga;;;;;;;;;x
PROV1441;Southern Baltic Sea;Southern Baltic Sea;Southern Baltic Sea;;;;;;;;;x
PROV1442;Öresund;Öresund;Öresund;;;;;;;;;x
PROV1443;Kattegat;Kattegat;Kattegat;;;;;;;;;x
PROV1444;Peipsi Järv;Peipsi Järv;Peipsi Järv;;;;;;;;;x
PROV1445;Ladoga;Ladoga;Ladoga;;;;;;;;;x
PROV1446;Onega;Onega;Onega;;;;;;;;;x
PROV1447;White Sea;White Sea;White Sea;;;;;;;;;x
PROV1448;Lofoten Sea;Lofoten Sea;Lofoten Sea;;;;;;;;;x
PROV1449;Northern Norwegian Sea;Northern Norwegian Sea;Northern Norwegian Sea;;;;;;;;;x
PROV1450;Southern Norwegian Sea;Southern Norwegian Sea;Southern Norwegian Sea;;;;;;;;;x
PROV1451;Skagerrack;Skagerrack;Skagerrack;;;;;;;;;x
PROV1452;Helgoland Bight;Helgoland Bight;Helgoland Bight;;;;;;;;;x
PROV1453;Coast of Holland;Coast of Holland;Coast of Holland;;;;;;;;;x
PROV1454;Dogger Bank;Dogger Bank;Dogger Bank;;;;;;;;;x
PROV1455;Straits of Dover;Straits of Dover;Straits of Dover;;;;;;;;;x
PROV1456;The Channel;The Channel;The Channel;;;;;;;;;x
PROV1457;Lands End;Lands End;Lands End;;;;;;;;;x
PROV1458;Coast of Britanny;Coast of Britanny;Coast of Britanny;;;;;;;;;x
PROV1459;Quiberon Bay;Quiberon Bay;Quiberon Bay;;;;;;;;;x
PROV1460;Cote D'Argent;Cote D'Argent;Cote D'Argent;;;;;;;;;x
PROV1461;Bay of Biscay;Bay of Biscay;Bay of Biscay;;;;;;;;;x
PROV1462;Cantabrian Sea;Cantabrian Sea;Cantabrian Sea;;;;;;;;;x
PROV1463;Tyne;Tyne;Tyne;;;;;;;;;x
PROV1464;Firth of Forth;Firth of Forth;Firth of Forth;;;;;;;;;x
PROV1465;The North Sea;The North Sea;The North Sea;;;;;;;;;x
PROV1466;Moray Firth;Moray Firth;Moray Firth;;;;;;;;;x
PROV1467;North Channel;North Channel;North Channel;;;;;;;;;x
PROV1468;Irish Sea;Irish Sea;Irish Sea;;;;;;;;;x
PROV1469;St. George's Channel;St. George's Channel;St. George's Channel;;;;;;;;;x
PROV1470;Donegal Bay;Donegal Bay;Donegal Bay;;;;;;;;;x
PROV1471;Dingle Bay;Dingle Bay;Dingle Bay;;;;;;;;;x
PROV1472;Celtic Sea;Celtic Sea;Celtic Sea;;;;;;;;;x
PROV1473;Western Approaches;Western Approaches;Western Approaches;;;;;;;;;x
PROV1474;Finisterre Bay;Finisterre Bay;Finisterre Bay;;;;;;;;;x
PROV1475;Lusitanian Sea;Lusitanian Sea;Lusitanian Sea;;;;;;;;;x
PROV1476;Gulf of Cadiz;Gulf of Cadiz;Gulf of Cadiz;;;;;;;;;x
PROV1477;Straits of Gibraltar;Straits of Gibraltar;Straits of Gibraltar;;;;;;;;;x
PROV1478;Gulf of Almeira;Gulf of Almeira;Gulf of Almeira;;;;;;;;;x
PROV1479;Gulf of Valencia;Gulf of Valencia;Gulf of Valencia;;;;;;;;;x
PROV1480;Gulf of Lion;Gulf of Lion;Gulf of Lion;;;;;;;;;x
PROV1481;Cote D'Azur;Cote D'Azur;Cote D'Azur;;;;;;;;;x
PROV1482;Ligurian Sea;Ligurian Sea;Ligurian Sea;;;;;;;;;x
PROV1483;Gulf of Mallocra;Gulf of Mallocra;Gulf of Mallocra;;;;;;;;;x
PROV1484;Western Mediterranean;Western Mediterranean;Western Mediterranean;;;;;;;;;x
PROV1485;Barbary Coast;Barbary Coast;Barbary Coast;;;;;;;;;x
PROV1486;Cape Bon;Cape Bon;Cape Bon;;;;;;;;;x
PROV1487;Tyrrhenian Sea;Tyrrhenian Sea;Tyrrhenian Sea;;;;;;;;;x
PROV1488;Bay of Naples;Bay of Naples;Bay of Naples;;;;;;;;;x
PROV1489;Gulf of Gabes;Gulf of Gabes;Gulf of Gabes;;;;;;;;;x
PROV1490;Malta Channel;Malta Channel;Malta Channel;;;;;;;;;x
PROV1491;Straits of Messina;Straits of Messina;Straits of Messina;;;;;;;;;x
PROV1492;Gulf of Venice;Gulf of Venice;Gulf of Venice;;;;;;;;;x
PROV1493;Adriatic Sea;Adriatic Sea;Adriatic Sea;;;;;;;;;x
PROV1494;Straits of Otranto;Straits of Otranto;Straits of Otranto;;;;;;;;;x
PROV1495;Gulf of Taranto;Gulf of Taranto;Gulf of Taranto;;;;;;;;;x
PROV1496;Ionian Sea;Ionian Sea;Ionian Sea;;;;;;;;;x
PROV1497;Gulf of Sirte;Gulf of Sirte;Gulf of Sirte;;;;;;;;;x
PROV1498;Gulf of Tobruk;Gulf of Tobruk;Gulf of Tobruk;;;;;;;;;x
PROV1499;Bay of Alexandrian;Bay of Alexandrian;Bay of Alexandrian;;;;;;;;;x
PROV1500;Palestinian Coast;Palestinian Coast;Palestinian Coast;;;;;;;;;x
PROV1501;Gulf of Cyprus;Gulf of Cyprus;Gulf of Cyprus;;;;;;;;;x
PROV1502;Sea of Crete;Sea of Crete;Sea of Crete;;;;;;;;;x
PROV1503;Aegean Sea;Aegean Sea;Aegean Sea;;;;;;;;;x
PROV1504;Sea of Marmara;Sea of Marmara;Sea of Marmara;;;;;;;;;x
PROV1505;Gulf of Varna;Gulf of Varna;Gulf of Varna;;;;;;;;;x
PROV1506;Gulf of Odessa;Gulf of Odessa;Gulf of Odessa;;;;;;;;;x
PROV1507;Sea of Azov;Sea of Azov;Sea of Azov;;;;;;;;;x
PROV1508;Eastern Black Sea;Eastern Black Sea;Eastern Black Sea;;;;;;;;;x
PROV1509;Lake Balaton;Lake Balaton;Lake Balaton;;;;;;;;;x
PROV1510;Caspian Sea;Caspian Sea;Caspian Sea;;;;;;;;;x
PROV1511;Aral Sea;Aral Sea;Aral Sea;;;;;;;;;x
PROV1512;Gulf of Suez;Gulf of Suez;Gulf of Suez;;;;;;;;;x
PROV1513;Red Sea;Red Sea;Red Sea;;;;;;;;;x
PROV1514;Straits of Obokk;Straits of Obokk;Straits of Obokk;;;;;;;;;x
PROV1515;Bal el Mandeb;Bal el Mandeb;Bal el Mandeb;;;;;;;;;x
PROV1516;Coast of Mascate;Coast of Mascate;Coast of Mascate;;;;;;;;;x
PROV1517;Mascate Coast;Mascate Coast;Mascate Coast;;;;;;;;;x
PROV1518;Straits of Hormuz;Straits of Hormuz;Straits of Hormuz;;;;;;;;;x
PROV1519;Persian Gulf;Persian Gulf;Persian Gulf;;;;;;;;;x
PROV1520;Horn of Africa;Horn of Africa;Horn of Africa;;;;;;;;;x
PROV1521;Coast of Pepper;Coast of Pepper;Coast of Pepper;;;;;;;;;x
PROV1522;Western Arabian Sea;Western Arabian Sea;Western Arabian Sea;;;;;;;;;x
PROV1523;Eastern Arabian Sea;Eastern Arabian Sea;Eastern Arabian Sea;;;;;;;;;x
PROV1524;The Seychelles;The Seychelles;The Seychelles;;;;;;;;;x
PROV1525;Gulf of Nigeria;Gulf of Nigeria;Gulf of Nigeria;;;;;;;;;x
PROV1526;Ivory Coast;Ivory Coast;Ivory Coast;;;;;;;;;x
PROV1527;Gold Coast;Gold Coast;Gold Coast;;;;;;;;;x
PROV1528;Coast of Gamvia;Coast of Gamvia;Coast of Gamvia;;;;;;;;;x
PROV1529;Coast of Guinea;Coast of Guinea;Coast of Guinea;;;;;;;;;x
PROV1530;Maueretanian Coast;Maueretanian Coast;Maueretanian Coast;;;;;;;;;x
PROV1531;Canarian Sea;Canarian Sea;Canarian Sea;;;;;;;;;x
PROV1532;Coast of Morocco;Coast of Morocco;Coast of Morocco;;;;;;;;;x
PROV1533;Jan Mayen Sea;Jan Mayen Sea;Jan Mayen Sea;;;;;;;;;x
PROV1534;Spitzberg Sea;Spitzberg Sea;Spitzberg Sea;;;;;;;;;x
PROV1535;Icelandic Sea;Icelandic Sea;Icelandic Sea;;;;;;;;;x
PROV1536;Shetland Straits;Shetland Straits;Shetland Straits;;;;;;;;;x
PROV1537;Coast of Iceland;Coast of Iceland;Coast of Iceland;;;;;;;;;x
PROV1538;Northeastern Atlantic;Northeastern Atlantic;Northeastern Atlantic;;;;;;;;;x
PROV1539;Rockall;Rockall;Rockall;;;;;;;;;x
PROV1540;Denmark Strait;Denmark Strait;Denmark Strait;;;;;;;;;x
PROV1541;Northern Atlantic;Northern Atlantic;Northern Atlantic;;;;;;;;;x
PROV1542;Hatton Bank;Hatton Bank;Hatton Bank;;;;;;;;;x
PROV1543;Iberian Shelf;Iberian Shelf;Iberian Shelf;;;;;;;;;x
PROV1544;Sea of Azores;Sea of Azores;Sea of Azores;;;;;;;;;x
PROV1545;Canary Approach;Canary Approach;Canary Approach;;;;;;;;;x
PROV1546;Cap Verde Approach;Cap Verde Approach;Cap Verde Approach;;;;;;;;;x
PROV1547;Central Atlantic;Central Atlantic;Central Atlantic;;;;;;;;;x
PROV1548;Romanche Gap;Romanche Gap;Romanche Gap;;;;;;;;;x
PROV1549;Central Atlantic;Central Atlantic;Central Atlantic;;;;;;;;;x
PROV1550;Central Atlantic;Central Atlantic;Central Atlantic;;;;;;;;;x
PROV1551;Lake Tchad;Lake Tchad;Lake Tchad;;;;;;;;;x
PROV1552;Lake Tana;Lake Tana;Lake Tana;;;;;;;;;x
PROV1553;Lake Van;Lake Van;Lake Van;;;;;;;;;x
PROV1554;Lake Urmia;Lake Urmia;Lake Urmia;;;;;;;;;x
PROV1555;Lake Rudolf;Lake Rudolf;Lake Rudolf;;;;;;;;;x
PROV1556;Northern Atlantic;Northern Atlantic;Northern Atlantic;;;;;;;;;x
PROV1557;Jan Mayen;Jan Mayen;Jan Mayen;;;;;;;;;x
PROV1559;Red Sea;Red Sea;Red Sea;;;;;;;;;x
PROV1560;Straits of Obokk;Straits of Obokk;Straits of Obokk;;;;;;;;;x
PROV1561;Bal el Mandeb;Bal el Mandeb;Bal el Mandeb;;;;;;;;;x
PROV1562;Coast of Mascate;Coast of Mascate;Coast of Mascate;;;;;;;;;x
PROV1563;Mascate Coast;Mascate Coast;Mascate Coast;;;;;;;;;x
PROV1564;Straits of Hormuz;Straits of Hormuz;Straits of Hormuz;;;;;;;;;x
PROV1565;Persian Gulf;Persian Gulf;Persian Gulf;;;;;;;;;x
PROV1566;Gulf of Indus;Gulf of Indus;Gulf of Indus;;;;;;;;;x
PROV1567;Gulf of Gujarat;Gulf of Gujarat;Gulf of Gujarat;;;;;;;;;x
PROV1568;Laquedive Islands;Laquedive Islands;Laquedive Islands;;;;;;;;;x
PROV1569;Coast of Malabar;Coast of Malabar;Coast of Malabar;;;;;;;;;x
PROV1570;Comorin Cape;Comorin Cape;Comorin Cape;;;;;;;;;x
PROV1571;Coast of Caramandel;Coast of Caramandel;Coast of Caramandel;;;;;;;;;x
PROV1572;Coast of Orissa;Coast of Orissa;Coast of Orissa;;;;;;;;;x
PROV1573;Ganges Delta;Ganges Delta;Ganges Delta;;;;;;;;;x
PROV1574;Akyab Bay;Akyab Bay;Akyab Bay;;;;;;;;;x
PROV1575;Andaman Sea;Andaman Sea;Andaman Sea;;;;;;;;;x
PROV1578;Indian Ocean;Indian Ocean;Indian Ocean;;;;;;;;;x
PROV1579;Indian Ocean;Indian Ocean;Indian Ocean;;;;;;;;;x
PROV1580;Gulf of Bengal;Gulf of Bengal;Gulf of Bengal;;;;;;;;;x
PROV1581;Northen Bay of Bengal;Northen Bay of Bengal;Northen Bay of Bengal;;;;;;;;;x
PROV1582;Southern Bay of Bengal;Southern Bay of Bengal;Southern Bay of Bengal;;;;;;;;;x
PROV1583;Ceylon Sea;Ceylon Sea;Ceylon Sea;;;;;;;;;x
PROV1584;Coast of Maldives;Coast of Maldives;Coast of Maldives;;;;;;;;;x
PROV1586;Indian Ocean;Indian Ocean;Indian Ocean;;;;;;;;;x
PROV1588;Lake Volta;Lake Volta;Lake Volta;;;;;;;;;x
PROV1589;Halland;Halland;Halland;;;;;;;;;x
PROV1590;Vättern;Vättern;Vättern;;;;;;;;;x
PROV1591;Gulf of Bothnia;Gulf of Bothnia;Gulf of Bothnia;;;;;;;;;x
PROV1595;Lake Balqash;Lake Balqash;Lake Balqash;;;;;;;;;x
PROV1597;Lake Alaqol;Lake Alaqol;Lake Alaqol;;;;;;;;;x
PROV1598;Vänern;Vänern;Vänern;;;;;;;;;x
PROV1600;Inari;Inari;Inari;;;;;;;;;x
PROV1601;Sameland;Sameland;Sameland;;;;;;;;;x
PROV1605;Ålands Hav;Ålands Hav;Ålands Hav;;;;;;;;;x
